<drawing><figures><ent id="0"><children><r id="1" x="841" y="168" w="80" h="40"><a><fillColor><color rgba="#ffebffe8"/></fillColor></a></r><t id="2" x="865.033203125" y="180.7080078125"><a><text><string>autor</string></text></a></t></children></ent><ent id="3"><children><r id="4" x="156" y="99" w="80" h="40"><a><fillColor><color rgba="#ffebffe8"/></fillColor></a></r><t id="5" x="182.7666015625" y="111.7080078125"><a><text><string>libro</string></text></a></t></children></ent><ent id="6"><children><r id="7" x="850" y="529" w="80" h="40"><a><fillColor><color rgba="#ffebffe8"/></fillColor></a></r><t id="8" x="867.828125" y="541.7080078125"><a><text><string>usuario</string></text></a></t></children></ent><atr id="9" nullable="false" attributeType="VARCHAR2(128)"><children><e id="a" x="27" y="168" w="80" h="20"><a><fillColor><color rgba="#ffffebeb"/></fillColor></a></e><t id="b" x="45.87109375" y="170.7080078125"><a><text><string>editora</string></text></a></t></children></atr><atr id="c" nullable="false" attributeType="VARCHAR2(128)"><children><e id="d" x="277" y="58" w="80" h="20"><a><fillColor><color rgba="#ffffebeb"/></fillColor></a></e><t id="e" x="301.5400390625" y="60.7080078125"><a><text><string>titulo</string></text></a></t></children></atr><lcaf id="f"><points><p colinear="true" x="293.27450980392155" y="78" c1x="-19" c1y="-83" c2x="-19" c2y="-83"/><p colinear="true" x="236" y="102.14049586776859" c1x="-19" c1y="-83" c2x="-19" c2y="-83"/></points><startConnector><rConnector id="10"><Owner><atr ref="c"/></Owner></rConnector></startConnector><endConnector><rConnector id="11"><Owner><ent ref="3"/></Owner></rConnector></endConnector></lcaf><lcaf id="12"><points><p colinear="true" x="156" y="137.29457364341084" c1x="-19" c1y="-83" c2x="-19" c2y="-83"/><p colinear="true" x="88.86440677966102" y="168" c1x="-19" c1y="-83" c2x="-19" c2y="-83"/></points><startConnector><rConnector id="13"><Owner><ent ref="3"/></Owner></rConnector></startConnector><endConnector><rConnector id="14"><Owner><atr ref="9"/></Owner></rConnector></endConnector></lcaf><atrchave id="15" nullable="false" attributeType="NUMBER"><children><e id="16" x="243" y="172" w="80" h="20"><a><fillColor><color rgba="#ffffebeb"/></fillColor></a></e><t id="17" x="265.8115234375" y="174.7080078125"><a><fontUnderlined><boolean>true</boolean></fontUnderlined><fontBold><boolean>true</boolean></fontBold><text><string>ISBN</string></text></a></t></children></atrchave><lcaf id="18"><points><p colinear="true" x="223.61904761904762" y="139" c1x="-19" c1y="-83" c2x="-19" c2y="-83"/><p colinear="true" x="269.1904761904762" y="172" c1x="-19" c1y="-83" c2x="-19" c2y="-83"/></points><startConnector><rConnector id="19"><Owner><ent ref="3"/></Owner></rConnector></startConnector><endConnector><rConnector id="1a"><Owner><atrchave ref="15"/></Owner></rConnector></endConnector></lcaf><atr id="1b" nullable="false" attributeType="VARCHAR2(128)"><children><e id="1c" x="848" y="86" w="80" h="20"><a><fillColor><color rgba="#ffffebeb"/></fillColor></a></e><t id="1d" x="864.8525390625" y="88.7080078125"><a><text><string>nombre</string></text></a></t></children></atr><atr id="1e" nullable="false" attributeType="VARCHAR2(128)"><children><e id="1f" x="769" y="26" w="80" h="20"><a><fillColor><color rgba="#ffffebeb"/></fillColor></a></e><t id="20" x="782.03515625" y="28.7080078125"><a><text><string>Nombres</string></text></a></t></children></atr><atr id="21" nullable="false" attributeType="VARCHAR2(128)"><children><e id="22" x="855" y="7" w="113.310546875" h="20"><a><fillColor><color rgba="#ffffebeb"/></fillColor></a></e><t id="23" x="868.1259765625" y="9.7080078125"><a><text><string>PrimerApellido</string></text></a></t></children></atr><atr id="24" nullable="false" attributeType="VARCHAR2(128)"><children><e id="25" x="944" y="45" w="120.2421875" h="20"><a><fillColor><color rgba="#ffffebeb"/></fillColor></a></e><t id="26" x="954" y="47.7080078125"><a><text><string>SegundoApellido</string></text></a></t></children></atr><lcaf id="27"><points><p colinear="true" x="822.1666666666666" y="46" c1x="736" c1y="-25" c2x="736" c2y="-25"/><p colinear="true" x="874.8333333333334" y="86" c1x="736" c1y="-25" c2x="736" c2y="-25"/></points><startConnector><rConnector id="28"><Owner><atr ref="1e"/></Owner></rConnector></startConnector><endConnector><rConnector id="29"><Owner><atr ref="1b"/></Owner></rConnector></endConnector></lcaf><lcaf id="2a"><points><p colinear="true" x="908.6609350276899" y="27" c1x="736" c1y="-25" c2x="736" c2y="-25"/><p colinear="true" x="890.9943384098101" y="86" c1x="736" c1y="-25" c2x="736" c2y="-25"/></points><startConnector><rConnector id="2b"><Owner><atr ref="21"/></Owner></rConnector></startConnector><endConnector><rConnector id="2c"><Owner><atr ref="1b"/></Owner></rConnector></endConnector></lcaf><lcaf id="2d"><points><p colinear="true" x="975.7988757621952" y="65" c1x="736" c1y="-25" c2x="736" c2y="-25"/><p colinear="true" x="916.3222179878048" y="86" c1x="736" c1y="-25" c2x="736" c2y="-25"/></points><startConnector><rConnector id="2e"><Owner><atr ref="24"/></Owner></rConnector></startConnector><endConnector><rConnector id="2f"><Owner><atr ref="1b"/></Owner></rConnector></endConnector></lcaf><atr id="30" nullable="false" attributeType="VARCHAR2(128)"><children><e id="31" x="722" y="114" w="80" h="20"><a><fillColor><color rgba="#ffffebeb"/></fillColor></a></e><t id="32" x="741.1142578125" y="116.7080078125"><a><text><string>genero</string></text></a></t></children></atr><atrchave id="33" nullable="false" attributeType="NUMBER"><children><e id="34" x="728" y="230" w="80" h="20"><a><fillColor><color rgba="#ffffebeb"/></fillColor></a></e><t id="35" x="745.7900390625" y="232.7080078125"><a><fontUnderlined><boolean>true</boolean></fontUnderlined><fontBold><boolean>true</boolean></fontBold><text><string>codigo</string></text></a></t></children></atrchave><atr id="36" nullable="false" attributeType="VARCHAR2(128)"><children><e id="37" x="964" y="139" w="80" h="20"><a><fillColor><color rgba="#ffffebeb"/></fillColor></a></e><t id="38" x="977.1435546875" y="141.7080078125"><a><text><string>direccion</string></text></a></t></children></atr><atr id="39" nullable="false" attributeType="VARCHAR2(128)"><children><e id="3a" x="875" y="241" w="80" h="20"><a><fillColor><color rgba="#ffffebeb"/></fillColor></a></e><t id="3b" x="877.412109375" y="243.7080078125"><a><text><string>nacionalidad</string></text></a></t></children></atr><lcaf id="3c"><points><p colinear="true" x="780.59375" y="134" c1x="210" c1y="-27" c2x="210" c2y="-27"/><p colinear="true" x="843.8125" y="168" c1x="210" c1y="-27" c2x="210" c2y="-27"/></points><startConnector><rConnector id="3d"><Owner><atr ref="30"/></Owner></rConnector></startConnector><endConnector><rConnector id="3e"><Owner><ent ref="0"/></Owner></rConnector></endConnector></lcaf><lcaf id="3f"><points><p colinear="true" x="841" y="206.4070796460177" c1x="210" c1y="-27" c2x="210" c2y="-27"/><p colinear="true" x="789.7307692307693" y="230" c1x="210" c1y="-27" c2x="210" c2y="-27"/></points><startConnector><rConnector id="40"><Owner><ent ref="0"/></Owner></rConnector></startConnector><endConnector><rConnector id="41"><Owner><atrchave ref="33"/></Owner></rConnector></endConnector></lcaf><lcaf id="42"><points><p colinear="true" x="891.7936507936508" y="208" c1x="210" c1y="-27" c2x="210" c2y="-27"/><p colinear="true" x="909.6031746031746" y="241" c1x="210" c1y="-27" c2x="210" c2y="-27"/></points><startConnector><rConnector id="43"><Owner><ent ref="0"/></Owner></rConnector></startConnector><endConnector><rConnector id="44"><Owner><atr ref="39"/></Owner></rConnector></endConnector></lcaf><lcaf id="45"><points><p colinear="true" x="972.4615384615385" y="159" c1x="210" c1y="-27" c2x="210" c2y="-27"/><p colinear="true" x="921" y="175.3170731707317" c1x="210" c1y="-27" c2x="210" c2y="-27"/></points><startConnector><rConnector id="46"><Owner><atr ref="36"/></Owner></rConnector></startConnector><endConnector><rConnector id="47"><Owner><ent ref="0"/></Owner></rConnector></endConnector></lcaf><lcaf id="48"><points><p colinear="true" x="887.2391304347826" y="106" c1x="210" c1y="-27" c2x="210" c2y="-27"/><p colinear="true" x="882.5217391304348" y="168" c1x="210" c1y="-27" c2x="210" c2y="-27"/></points><startConnector><rConnector id="49"><Owner><atr ref="1b"/></Owner></rConnector></startConnector><endConnector><rConnector id="4a"><Owner><ent ref="0"/></Owner></rConnector></endConnector></lcaf><atr id="4b" nullable="false" attributeType="VARCHAR2(128)"><children><e id="4c" x="753" y="474" w="80" h="20"><a><fillColor><color rgba="#ffffebeb"/></fillColor></a></e><t id="4d" x="766.1435546875" y="476.7080078125"><a><text><string>direccion</string></text></a></t></children></atr><atrchave id="4e" nullable="false" attributeType="NUMBER"><children><e id="4f" x="992" y="520" w="80" h="20"><a><fillColor><color rgba="#ffffebeb"/></fillColor></a></e><t id="50" x="1009.7900390625" y="522.7080078125"><a><fontUnderlined><boolean>true</boolean></fontUnderlined><fontBold><boolean>true</boolean></fontBold><text><string>codigo</string></text></a></t></children></atrchave><atr id="51" nullable="false" attributeType="VARCHAR2(128)"><children><e id="52" x="979" y="467" w="80" h="20"><a><fillColor><color rgba="#ffffebeb"/></fillColor></a></e><t id="53" x="995.8525390625" y="469.7080078125"><a><text><string>nombre</string></text></a></t></children></atr><atr id="54" nullable="false" attributeType="VARCHAR2(128)"><children><e id="55" x="944" y="414" w="80" h="20"><a><fillColor><color rgba="#ffffebeb"/></fillColor></a></e><t id="56" x="957.03515625" y="416.7080078125"><a><text><string>Nombres</string></text></a></t></children></atr><atr id="57" nullable="false" attributeType="VARCHAR2(128)"><children><e id="58" x="1039" y="407" w="113.310546875" h="20"><a><fillColor><color rgba="#ffffebeb"/></fillColor></a></e><t id="59" x="1052.1259765625" y="409.7080078125"><a><text><string>PrimerApellido</string></text></a></t></children></atr><atr id="5a" nullable="false" attributeType="VARCHAR2(128)"><children><e id="5b" x="1105" y="464" w="120.2421875" h="20"><a><fillColor><color rgba="#ffffebeb"/></fillColor></a></e><t id="5c" x="1115" y="466.7080078125"><a><text><string>SegundoApellido</string></text></a></t></children></atr><lcaf id="5d"><points><p colinear="true" x="990.6037735849056" y="434" c1x="855" c1y="353" c2x="855" c2y="353"/><p colinear="true" x="1012.3962264150944" y="467" c1x="855" c1y="353" c2x="855" c2y="353"/></points><startConnector><rConnector id="5e"><Owner><atr ref="54"/></Owner></rConnector></startConnector><endConnector><rConnector id="5f"><Owner><atr ref="51"/></Owner></rConnector></endConnector></lcaf><lcaf id="60"><points><p colinear="true" x="1082.87939453125" y="427" c1x="855" c1y="353" c2x="855" c2y="353"/><p colinear="true" x="1031.77587890625" y="467" c1x="855" c1y="353" c2x="855" c2y="353"/></points><startConnector><rConnector id="61"><Owner><atr ref="57"/></Owner></rConnector></startConnector><endConnector><rConnector id="62"><Owner><atr ref="51"/></Owner></rConnector></endConnector></lcaf><lcaf id="63"><points><p colinear="true" x="1105" y="475.2343411660919" c1x="855" c1y="353" c2x="855" c2y="353"/><p colinear="true" x="1059" y="476.178763333066" c1x="855" c1y="353" c2x="855" c2y="353"/></points><startConnector><rConnector id="64"><Owner><atr ref="5a"/></Owner></rConnector></startConnector><endConnector><rConnector id="65"><Owner><atr ref="51"/></Owner></rConnector></endConnector></lcaf><atr id="66" nullable="false" attributeType="VARCHAR2(128)"><children><e id="67" x="749" y="629" w="80" h="20"><a><fillColor><color rgba="#ffffebeb"/></fillColor></a></e><t id="68" x="768.1142578125" y="631.7080078125"><a><text><string>genero</string></text></a></t></children></atr><atr id="69" nullable="false" attributeType="VARCHAR2(128)"><children><e id="6a" x="850" y="606" w="80" h="20"><a><fillColor><color rgba="#ffffebeb"/></fillColor></a></e><t id="6b" x="860.92578125" y="608.7080078125"><a><text><string>fechaNaci</string></text></a></t></children></atr><atr id="6c" nullable="false" attributeType="VARCHAR2(128)"><children><e id="6d" x="724" y="563" w="80" h="20"><a><fillColor><color rgba="#ffffebeb"/></fillColor></a></e><t id="6e" x="739.6513671875" y="565.7080078125"><a><text><string>telefono</string></text></a></t></children></atr><lcaf id="6f"><points><p colinear="true" x="1001.0833333333334" y="487" c1x="613" c1y="-46" c2x="613" c2y="-46"/><p colinear="true" x="925.8333333333334" y="529" c1x="613" c1y="-46" c2x="613" c2y="-46"/></points><startConnector><rConnector id="70"><Owner><atr ref="51"/></Owner></rConnector></startConnector><endConnector><rConnector id="71"><Owner><ent ref="6"/></Owner></rConnector></endConnector></lcaf><lcaf id="72"><points><p colinear="true" x="807.9230769230769" y="494" c1x="613" c1y="-46" c2x="613" c2y="-46"/><p colinear="true" x="860.1538461538462" y="529" c1x="613" c1y="-46" c2x="613" c2y="-46"/></points><startConnector><rConnector id="73"><Owner><atr ref="4b"/></Owner></rConnector></startConnector><endConnector><rConnector id="74"><Owner><ent ref="6"/></Owner></rConnector></endConnector></lcaf><lcaf id="75"><points><p colinear="true" x="804" y="565.3809523809524" c1x="613" c1y="-46" c2x="613" c2y="-46"/><p colinear="true" x="850" y="556.6190476190476" c1x="613" c1y="-46" c2x="613" c2y="-46"/></points><startConnector><rConnector id="76"><Owner><atr ref="6c"/></Owner></rConnector></startConnector><endConnector><rConnector id="77"><Owner><ent ref="6"/></Owner></rConnector></endConnector></lcaf><lcaf id="78"><points><p colinear="true" x="800.2222222222222" y="629" c1x="613" c1y="-46" c2x="613" c2y="-46"/><p colinear="true" x="867.5555555555555" y="569" c1x="613" c1y="-46" c2x="613" c2y="-46"/></points><startConnector><rConnector id="79"><Owner><atr ref="66"/></Owner></rConnector></startConnector><endConnector><rConnector id="7a"><Owner><ent ref="6"/></Owner></rConnector></endConnector></lcaf><lcaf id="7b"><points><p colinear="true" x="890" y="569" c1x="613" c1y="-46" c2x="613" c2y="-46"/><p colinear="true" x="890" y="606" c1x="613" c1y="-46" c2x="613" c2y="-46"/></points><startConnector><rConnector id="7c"><Owner><ent ref="6"/></Owner></rConnector></startConnector><endConnector><rConnector id="7d"><Owner><atr ref="69"/></Owner></rConnector></endConnector></lcaf><lcaf id="7e"><points><p colinear="true" x="992" y="535.3521126760563" c1x="613" c1y="-46" c2x="613" c2y="-46"/><p colinear="true" x="930" y="543.6478873239437" c1x="613" c1y="-46" c2x="613" c2y="-46"/></points><startConnector><rConnector id="7f"><Owner><atrchave ref="4e"/></Owner></rConnector></startConnector><endConnector><rConnector id="80"><Owner><ent ref="6"/></Owner></rConnector></endConnector></lcaf><rel id="81"><children><diamond id="82" x="162" y="271" w="80" h="40"><a><fillColor><color rgba="#ffddddff"/></fillColor></a></diamond><t id="83" x="179.6640625" y="283.7080078125"><a><text><string>obtiene</string></text></a></t></children></rel><ent id="84"><children><r id="85" x="207" y="463" w="80" h="40"><a><fillColor><color rgba="#ffebffe8"/></fillColor></a></r><t id="86" x="218.5556640625" y="475.7080078125"><a><text><string>prestamo</string></text></a></t></children></ent><atr id="87" nullable="false" attributeType="VARCHAR2(128)"><children><e id="88" x="307" y="405" w="80" h="20"><a><fillColor><color rgba="#ffffebeb"/></fillColor></a></e><t id="89" x="331.033203125" y="407.7080078125"><a><text><string>autor</string></text></a></t></children></atr><atrchave id="8a" nullable="false" attributeType="NUMBER"><children><e id="8b" x="96" y="567" w="80" h="20"><a><fillColor><color rgba="#ffffebeb"/></fillColor></a></e><t id="8c" x="113.7900390625" y="569.7080078125"><a><fontUnderlined><boolean>true</boolean></fontUnderlined><fontBold><boolean>true</boolean></fontBold><text><string>codigo</string></text></a></t></children></atrchave><atr id="8d" nullable="false" attributeType="VARCHAR2(128)"><children><e id="8e" x="67" y="435" w="80" h="20"><a><fillColor><color rgba="#ffffebeb"/></fillColor></a></e><t id="8f" x="91.771484375" y="437.7080078125"><a><text><string>ISBN</string></text></a></t></children></atr><atr id="90" nullable="false" attributeType="VARCHAR2(128)"><children><e id="91" x="359" y="618" w="80" h="20"><a><fillColor><color rgba="#ffffebeb"/></fillColor></a></e><t id="92" x="362.6279296875" y="620.7080078125"><a><text><string>fecha_retiro</string></text></a></t></children></atr><atr id="93" nullable="false" attributeType="VARCHAR2(128)"><children><e id="94" x="512" y="614" w="124.3671875" h="20"><a><fillColor><color rgba="#ffffebeb"/></fillColor></a></e><t id="95" x="522" y="616.7080078125"><a><text><string>fecha_devolucion</string></text></a></t></children></atr><atrderivado id="96"><children><e id="97" x="1015" y="573" w="80" h="20"><a><strokeDashes><doubleArray><double>5</double></doubleArray></strokeDashes><fillColor><color rgba="#ffffebeb"/></fillColor></a></e><t id="98" x="1040.345703125" y="575.7080078125"><a><text><string>edad</string></text></a></t></children></atrderivado><lcaf id="99"><points><p colinear="true" x="930" y="557.2424242424242" c1x="7" c1y="66" c2x="7" c2y="66"/><p colinear="true" x="1015" y="574.7575757575758" c1x="7" c1y="66" c2x="7" c2y="66"/></points><startConnector><rConnector id="9a"><Owner><ent ref="6"/></Owner></rConnector></startConnector><endConnector><rConnector id="9b"><Owner><atrderivado ref="96"/></Owner></rConnector></endConnector></lcaf><lcaf id="9c"><points><p colinear="true" x="332.2941176470588" y="425" c1x="0" c1y="0" c2x="0" c2y="0"/><p colinear="true" x="276.4117647058823" y="463" c1x="0" c1y="0" c2x="0" c2y="0"/></points><startConnector><rConnector id="9d"><Owner><atr ref="87"/></Owner></rConnector></startConnector><endConnector><rConnector id="9e"><Owner><ent ref="84"/></Owner></rConnector></endConnector></lcaf><lcaf id="9f"><points><p colinear="true" x="143.8421052631579" y="455" c1x="0" c1y="0" c2x="0" c2y="0"/><p colinear="true" x="207" y="472.1428571428571" c1x="0" c1y="0" c2x="0" c2y="0"/></points><startConnector><rConnector id="a0"><Owner><atr ref="8d"/></Owner></rConnector></startConnector><endConnector><rConnector id="a1"><Owner><ent ref="84"/></Owner></rConnector></endConnector></lcaf><lcaf id="a2"><points><p colinear="true" x="147.80851063829786" y="567" c1x="0" c1y="0" c2x="0" c2y="0"/><p colinear="true" x="223.38297872340422" y="503" c1x="0" c1y="0" c2x="0" c2y="0"/></points><startConnector><rConnector id="a3"><Owner><atrchave ref="8a"/></Owner></rConnector></startConnector><endConnector><rConnector id="a4"><Owner><ent ref="84"/></Owner></rConnector></endConnector></lcaf><llabelUm id="a5"><points><p colinear="true" x="206.6875" y="311" c1x="0" c1y="0" c2x="0" c2y="0"/><p colinear="true" x="242.3125" y="463" c1x="0" c1y="0" c2x="0" c2y="0"/></points><startConnector><rConnector id="a6"><Owner><rel ref="81"/></Owner></rConnector></startConnector><endConnector><rConnector id="a7"><Owner><ent ref="84"/></Owner></rConnector></endConnector></llabelUm><rel id="a8"><children><diamond id="a9" x="486" y="97" w="80" h="40"><a><fillColor><color rgba="#ffddddff"/></fillColor></a></diamond><t id="aa" x="511.0439453125" y="109.7080078125"><a><text><string>tiene</string></text></a></t></children></rel><llabelMuitos id="ab"><points><p colinear="true" x="486" y="117.24242424242424" c1x="0" c1y="0" c2x="0" c2y="0"/><p colinear="true" x="236" y="118.75757575757575" c1x="0" c1y="0" c2x="0" c2y="0"/></points><startConnector><rConnector id="ac"><Owner><rel ref="a8"/></Owner></rConnector></startConnector><endConnector><rConnector id="ad"><Owner><ent ref="3"/></Owner></rConnector></endConnector><a><text><string>N</string></text></a></llabelMuitos><llabelDoubleMuitos id="ae"><points><p colinear="true" x="566" y="125" c1x="0" c1y="0" c2x="0" c2y="0"/><p colinear="true" x="841" y="180" c1x="0" c1y="0" c2x="0" c2y="0"/></points><startConnector><rConnector id="af"><Owner><rel ref="a8"/></Owner></rConnector></startConnector><endConnector><rConnector id="b0"><Owner><ent ref="0"/></Owner></rConnector></endConnector><a><innerStrokeWidthFactor><double>3</double></innerStrokeWidthFactor><text><string>M</string></text></a></llabelDoubleMuitos><llabelDoubleMuitos id="b1"><points><p colinear="true" x="201.30232558139534" y="271" c1x="0" c1y="0" c2x="0" c2y="0"/><p colinear="true" x="196.69767441860466" y="139" c1x="0" c1y="0" c2x="0" c2y="0"/></points><startConnector><rConnector id="b2"><Owner><rel ref="81"/></Owner></rConnector></startConnector><endConnector><rConnector id="b3"><Owner><ent ref="3"/></Owner></rConnector></endConnector><a><innerStrokeWidthFactor><double>3</double></innerStrokeWidthFactor><text><string>N</string></text></a></llabelDoubleMuitos><relfraco id="b4"><children><diamond id="b5" x="427" y="483" w="97" h="50"><a><fillColor><color rgba="#ffddddff"/></fillColor><strokeType><enum type="strokeType">DOUBLE</enum></strokeType><innerStrokeWidthFactor><double>3</double></innerStrokeWidthFactor></a></diamond><t id="b6" x="454.69921875" y="500.7080078125"><a><text><string>solicita</string></text></a></t></children></relfraco><atrmulti id="b7" nullable="false" attributeType="VARCHAR2(128)"><children><e id="b8" x="995" y="195" w="80" h="20"><a><fillColor><color rgba="#ffffebeb"/></fillColor><strokeType><enum type="strokeType">DOUBLE</enum></strokeType><innerStrokeWidthFactor><double>3</double></innerStrokeWidthFactor></a></e><t id="b9" x="1007.525390625" y="197.7080078125"><a><text><string>telefonos</string></text></a></t></children></atrmulti><lcaf id="ba"><points><p colinear="true" x="921" y="192.41558441558442" c1x="0" c1y="0" c2x="0" c2y="0"/><p colinear="true" x="995" y="200.58441558441558" c1x="0" c1y="0" c2x="0" c2y="0"/></points><startConnector><rConnector id="bb"><Owner><ent ref="0"/></Owner></rConnector></startConnector><endConnector><rConnector id="bc"><Owner><atrmulti ref="b7"/></Owner></rConnector></endConnector></lcaf><atrmulti id="bd" nullable="false" attributeType="VARCHAR2(128)"><children><e id="be" x="133" y="35" w="80" h="20"><a><fillColor><color rgba="#ffffebeb"/></fillColor><strokeType><enum type="strokeType">DOUBLE</enum></strokeType><innerStrokeWidthFactor><double>3</double></innerStrokeWidthFactor></a></e><t id="bf" x="157.033203125" y="37.7080078125"><a><text><string>autor</string></text></a></t></children></atrmulti><lcaf id="c0"><points><p colinear="true" x="176.1081081081081" y="55" c1x="0" c1y="0" c2x="0" c2y="0"/><p colinear="true" x="189.78378378378378" y="99" c1x="0" c1y="0" c2x="0" c2y="0"/></points><startConnector><rConnector id="c1"><Owner><atrmulti ref="bd"/></Owner></rConnector></startConnector><endConnector><rConnector id="c2"><Owner><ent ref="3"/></Owner></rConnector></endConnector></lcaf><lcaf id="c3"><points><p colinear="true" x="459.5625" y="533" c1x="0" c1y="0" c2x="0" c2y="0"/><p colinear="true" x="405.375" y="618" c1x="0" c1y="0" c2x="0" c2y="0"/></points><startConnector><rConnector id="c4"><Owner><relfraco ref="b4"/></Owner></rConnector></startConnector><endConnector><rConnector id="c5"><Owner><atr ref="90"/></Owner></rConnector></endConnector></lcaf><lcaf id="c6"><points><p colinear="true" x="496.76801589439657" y="533" c1x="0" c1y="0" c2x="0" c2y="0"/><p colinear="true" x="565.6763873922414" y="614" c1x="0" c1y="0" c2x="0" c2y="0"/></points><startConnector><rConnector id="c7"><Owner><relfraco ref="b4"/></Owner></rConnector></startConnector><endConnector><rConnector id="c8"><Owner><atr ref="93"/></Owner></rConnector></endConnector></lcaf><llabelDoubleMuitos id="c9"><points><p colinear="true" x="427" y="502.69365426695845" c1x="0" c1y="0" c2x="0" c2y="0"/><p colinear="true" x="287" y="487.37636761487965" c1x="0" c1y="0" c2x="0" c2y="0"/></points><startConnector><rConnector id="ca"><Owner><relfraco ref="b4"/></Owner></rConnector></startConnector><endConnector><rConnector id="cb"><Owner><ent ref="84"/></Owner></rConnector></endConnector><a><innerStrokeWidthFactor><double>3</double></innerStrokeWidthFactor><text><string>N</string></text></a></llabelDoubleMuitos><llabelDoubleMuitos id="cc"><points><p colinear="true" x="524" y="512.7973462002412" c1x="0" c1y="0" c2x="0" c2y="0"/><p colinear="true" x="850" y="545.0434258142341" c1x="0" c1y="0" c2x="0" c2y="0"/></points><startConnector><rConnector id="cd"><Owner><relfraco ref="b4"/></Owner></rConnector></startConnector><endConnector><rConnector id="ce"><Owner><ent ref="6"/></Owner></rConnector></endConnector><a><innerStrokeWidthFactor><double>3</double></innerStrokeWidthFactor><text><string>M</string></text></a></llabelDoubleMuitos><atrmulti id="cf" nullable="false" attributeType="VARCHAR2(128)"><children><e id="d0" x="962" y="630" w="80" h="20"><a><fillColor><color rgba="#ffffebeb"/></fillColor><strokeType><enum type="strokeType">DOUBLE</enum></strokeType><innerStrokeWidthFactor><double>3</double></innerStrokeWidthFactor></a></e><t id="d1" x="982.5673828125" y="632.7080078125"><a><text><string>emails</string></text></a></t></children></atrmulti><lcaf id="d2"><points><p colinear="true" x="914.6153846153846" y="569" c1x="0" c1y="0" c2x="0" c2y="0"/><p colinear="true" x="989.6923076923077" y="630" c1x="0" c1y="0" c2x="0" c2y="0"/></points><startConnector><rConnector id="d3"><Owner><ent ref="6"/></Owner></rConnector></startConnector><endConnector><rConnector id="d4"><Owner><atrmulti ref="cf"/></Owner></rConnector></endConnector></lcaf></figures></drawing>