<drawing><figures><lcaf id="0"><points><p colinear="true" x="938" y="208" c1x="0" c1y="0" c2x="0" c2y="0"/><p colinear="true" x="898" y="188" c1x="0" c1y="0" c2x="0" c2y="0"/></points><startConnector><rConnector id="1"><Owner><ent id="2"><children><r id="3" x="858" y="188" w="80" h="40"><a><fillColor><color rgba="#ffebffe8"/></fillColor></a></r><t id="4" x="878.271484375" y="200.7080078125"><a><text><string>cliente</string></text></a></t></children></ent></Owner></rConnector></startConnector><endConnector><rConnector id="5"><Owner><ent ref="2"/></Owner></rConnector></endConnector></lcaf><llabelDoubleMuitos id="6"><points><p colinear="true" x="523" y="199.86746987951807" c1x="0" c1y="0" c2x="0" c2y="0"/><p colinear="true" x="858" y="207.13253012048193" c1x="0" c1y="0" c2x="0" c2y="0"/></points><startConnector><rConnector id="7"><Owner><rel id="8"><children><diamond id="9" x="443" y="179" w="80" h="40"><a><fillColor><color rgba="#ffddddff"/></fillColor></a></diamond><t id="a" x="457.1689453125" y="191.7080078125"><a><text><string>entrenar</string></text></a></t></children></rel></Owner></rConnector></startConnector><endConnector><rConnector id="b"><Owner><ent ref="2"/></Owner></rConnector></endConnector><a><innerStrokeWidthFactor><double>3</double></innerStrokeWidthFactor><text><string>N</string></text></a></llabelDoubleMuitos><lcaf id="c"><points><p colinear="true" x="915.6315789473684" y="228" c1x="0" c1y="0" c2x="0" c2y="0"/><p colinear="true" x="956.1842105263158" y="274" c1x="0" c1y="0" c2x="0" c2y="0"/></points><startConnector><rConnector id="d"><Owner><ent ref="2"/></Owner></rConnector></startConnector><endConnector><rConnector id="e"><Owner><atrmulti id="f" nullable="false" attributeType="VARCHAR2(128)"><children><e id="10" x="925" y="274" w="80" h="20"><a><fillColor><color rgba="#ffffebeb"/></fillColor><strokeType><enum type="strokeType">DOUBLE</enum></strokeType><innerStrokeWidthFactor><double>3</double></innerStrokeWidthFactor></a></e><t id="11" x="937.525390625" y="276.7080078125"><a><text><string>telefonos</string></text></a></t></children></atrmulti></Owner></rConnector></endConnector></lcaf><lcaf id="12"><points><p colinear="true" x="938" y="190.31155778894473" c1x="0" c1y="0" c2x="0" c2y="0"/><p colinear="true" x="1074.3863636363637" y="130" c1x="0" c1y="0" c2x="0" c2y="0"/></points><startConnector><rConnector id="13"><Owner><ent ref="2"/></Owner></rConnector></startConnector><endConnector><rConnector id="14"><Owner><atrmulti id="15" nullable="false" attributeType="VARCHAR2(128)"><children><e id="16" x="1057" y="110" w="80" h="20"><a><fillColor><color rgba="#ffffebeb"/></fillColor><strokeType><enum type="strokeType">DOUBLE</enum></strokeType><innerStrokeWidthFactor><double>3</double></innerStrokeWidthFactor></a></e><t id="17" x="1077.5673828125" y="112.7080078125"><a><text><string>emails</string></text></a></t></children></atrmulti></Owner></rConnector></endConnector></lcaf><lcaf id="18"><points><p colinear="true" x="858" y="225.63440860215053" c1x="751" c1y="15" c2x="751" c2y="15"/><p colinear="true" x="827.6829268292682" y="239" c1x="751" c1y="15" c2x="751" c2y="15"/></points><startConnector><rConnector id="19"><Owner><ent ref="2"/></Owner></rConnector></startConnector><endConnector><rConnector id="1a"><Owner><atr id="1b" nullable="false" attributeType="VARCHAR2(128)"><children><e id="1c" x="765" y="239" w="80" h="20"><a><fillColor><color rgba="#ffffebeb"/></fillColor></a></e><t id="1d" x="778.1435546875" y="241.7080078125"><a><text><string>direccion</string></text></a></t></children></atr></Owner></rConnector></endConnector></lcaf><lcaf id="1e"><points><p colinear="true" x="879.7631578947369" y="142" c1x="751" c1y="15" c2x="751" c2y="15"/><p colinear="true" x="892.4736842105264" y="188" c1x="751" c1y="15" c2x="751" c2y="15"/></points><startConnector><rConnector id="1f"><Owner><atr id="20" nullable="false" attributeType="VARCHAR2(128)"><children><e id="21" x="837" y="122" w="80" h="20"><a><fillColor><color rgba="#ffffebeb"/></fillColor></a></e><t id="22" x="853.8525390625" y="124.7080078125"><a><text><string>nombre</string></text></a></t></children></atr></Owner></rConnector></startConnector><endConnector><rConnector id="23"><Owner><ent ref="2"/></Owner></rConnector></endConnector></lcaf><lcaf id="24"><points><p colinear="true" x="938" y="222.71698113207546" c1x="751" c1y="15" c2x="751" c2y="15"/><p colinear="true" x="976.8205128205128" y="237" c1x="751" c1y="15" c2x="751" c2y="15"/></points><startConnector><rConnector id="25"><Owner><ent ref="2"/></Owner></rConnector></startConnector><endConnector><rConnector id="26"><Owner><atr id="27" nullable="false" attributeType="VARCHAR2(128)"><children><e id="28" x="964" y="237" w="80" h="20"><a><fillColor><color rgba="#ffffebeb"/></fillColor></a></e><t id="29" x="971.802734375" y="239.7080078125"><a><text><string>fecha_naci</string></text></a></t></children></atr></Owner></rConnector></endConnector></lcaf><lcaf id="2a"><points><p colinear="true" x="961.875" y="138" c1x="751" c1y="15" c2x="751" c2y="15"/><p colinear="true" x="916.25" y="188" c1x="751" c1y="15" c2x="751" c2y="15"/></points><startConnector><rConnector id="2b"><Owner><atr id="2c" nullable="false" attributeType="VARCHAR2(128)"><children><e id="2d" x="931" y="118" w="80" h="20"><a><fillColor><color rgba="#ffffebeb"/></fillColor></a></e><t id="2e" x="950.1142578125" y="120.7080078125"><a><text><string>genero</string></text></a></t></children></atr></Owner></rConnector></startConnector><endConnector><rConnector id="2f"><Owner><ent ref="2"/></Owner></rConnector></endConnector></lcaf><lcaf id="30"><points><p colinear="true" x="841" y="199.77319587628867" c1x="751" c1y="15" c2x="751" c2y="15"/><p colinear="true" x="858" y="202.22680412371133" c1x="751" c1y="15" c2x="751" c2y="15"/></points><startConnector><rConnector id="31"><Owner><atrchave id="32" nullable="false" attributeType="NUMBER"><children><e id="33" x="761" y="184" w="80" h="20"><a><fillColor><color rgba="#ffffebeb"/></fillColor></a></e><t id="34" x="778.7900390625" y="186.7080078125"><a><fontUnderlined><boolean>true</boolean></fontUnderlined><fontBold><boolean>true</boolean></fontBold><text><string>codigo</string></text></a></t></children></atrchave></Owner></rConnector></startConnector><endConnector><rConnector id="35"><Owner><ent ref="2"/></Owner></rConnector></endConnector></lcaf><ent ref="2"/><ent id="36"><children><r id="37" x="107" y="175" w="80" h="40"><a><fillColor><color rgba="#ffebffe8"/></fillColor></a></r><t id="38" x="113.7890625" y="187.7080078125"><a><text><string>entrenador</string></text></a></t></children></ent><atr id="39" nullable="false" attributeType="VARCHAR2(128)"><children><e id="3a" x="86" y="107" w="80" h="20"><a><fillColor><color rgba="#ffffebeb"/></fillColor></a></e><t id="3b" x="102.8525390625" y="109.7080078125"><a><text><string>nombre</string></text></a></t></children></atr><atr id="3c" nullable="false" attributeType="VARCHAR2(128)"><children><e id="3d" x="216" y="156" w="80" h="20"><a><fillColor><color rgba="#ffffebeb"/></fillColor></a></e><t id="3e" x="235.1142578125" y="158.7080078125"><a><text><string>genero</string></text></a></t></children></atr><atr id="3f" nullable="false" attributeType="VARCHAR2(128)"><children><e id="40" x="231" y="229" w="80" h="20"><a><fillColor><color rgba="#ffffebeb"/></fillColor></a></e><t id="41" x="233.412109375" y="231.7080078125"><a><text><string>nacionalidad</string></text></a></t></children></atr><atr id="42" nullable="false" attributeType="VARCHAR2(128)"><children><e id="43" x="15" y="66" w="80" h="20"><a><fillColor><color rgba="#ffffebeb"/></fillColor></a></e><t id="44" x="28.7265625" y="68.7080078125"><a><text><string>nombres</string></text></a></t></children></atr><atr id="45" nullable="false" attributeType="VARCHAR2(128)"><children><e id="46" x="90" y="29" w="114.775390625" h="20"><a><fillColor><color rgba="#ffffebeb"/></fillColor></a></e><t id="47" x="103.73828125" y="31.7080078125"><a><text><string>primerApellido</string></text></a></t></children></atr><atr id="48" nullable="false" attributeType="VARCHAR2(128)"><children><e id="49" x="155" y="61" w="118.291015625" h="20"><a><fillColor><color rgba="#ffffebeb"/></fillColor></a></e><t id="4a" x="165" y="63.7080078125"><a><text><string>segundoApellido</string></text></a></t></children></atr><lcaf id="4b"><points><p colinear="true" x="144.6456830929487" y="49" c1x="0" c1y="0" c2x="0" c2y="0"/><p colinear="true" x="128.74201221955127" y="107" c1x="0" c1y="0" c2x="0" c2y="0"/></points><startConnector><rConnector id="4c"><Owner><atr ref="45"/></Owner></rConnector></startConnector><endConnector><rConnector id="4d"><Owner><atr ref="39"/></Owner></rConnector></endConnector></lcaf><lcaf id="4e"><points><p colinear="true" x="72.31707317073172" y="86" c1x="0" c1y="0" c2x="0" c2y="0"/><p colinear="true" x="108.68292682926828" y="107" c1x="0" c1y="0" c2x="0" c2y="0"/></points><startConnector><rConnector id="4f"><Owner><atr ref="42"/></Owner></rConnector></startConnector><endConnector><rConnector id="50"><Owner><atr ref="39"/></Owner></rConnector></endConnector></lcaf><lcaf id="51"><points><p colinear="true" x="194.98344089673913" y="81" c1x="0" c1y="0" c2x="0" c2y="0"/><p colinear="true" x="145.16206691576087" y="107" c1x="0" c1y="0" c2x="0" c2y="0"/></points><startConnector><rConnector id="52"><Owner><atr ref="48"/></Owner></rConnector></startConnector><endConnector><rConnector id="53"><Owner><atr ref="39"/></Owner></rConnector></endConnector></lcaf><atrchave id="54" nullable="false" attributeType="NUMBER"><children><e id="55" x="10" y="169" w="80" h="20"><a><fillColor><color rgba="#ffffebeb"/></fillColor></a></e><t id="56" x="27.7900390625" y="171.7080078125"><a><fontUnderlined><boolean>true</boolean></fontUnderlined><fontBold><boolean>true</boolean></fontBold><text><string>codigo</string></text></a></t></children></atrchave><lcaf id="57"><points><p colinear="true" x="90" y="185.5979381443299" c1x="0" c1y="0" c2x="0" c2y="0"/><p colinear="true" x="107" y="188.4020618556701" c1x="0" c1y="0" c2x="0" c2y="0"/></points><startConnector><rConnector id="58"><Owner><atrchave ref="54"/></Owner></rConnector></startConnector><endConnector><rConnector id="59"><Owner><ent ref="36"/></Owner></rConnector></endConnector></lcaf><lcaf id="5a"><points><p colinear="true" x="218.41379310344828" y="176" c1x="0" c1y="0" c2x="0" c2y="0"/><p colinear="true" x="187" y="184.3577981651376" c1x="0" c1y="0" c2x="0" c2y="0"/></points><startConnector><rConnector id="5b"><Owner><atr ref="3c"/></Owner></rConnector></startConnector><endConnector><rConnector id="5c"><Owner><ent ref="36"/></Owner></rConnector></endConnector></lcaf><lcaf id="5d"><points><p colinear="true" x="187" y="209.19354838709677" c1x="0" c1y="0" c2x="0" c2y="0"/><p colinear="true" x="242.8181818181818" y="229" c1x="0" c1y="0" c2x="0" c2y="0"/></points><startConnector><rConnector id="5e"><Owner><ent ref="36"/></Owner></rConnector></startConnector><endConnector><rConnector id="5f"><Owner><atr ref="3f"/></Owner></rConnector></endConnector></lcaf><lcaf id="60"><points><p colinear="true" x="128.69230769230768" y="127" c1x="0" c1y="0" c2x="0" c2y="0"/><p colinear="true" x="141.6153846153846" y="175" c1x="0" c1y="0" c2x="0" c2y="0"/></points><startConnector><rConnector id="61"><Owner><atr ref="39"/></Owner></rConnector></startConnector><endConnector><rConnector id="62"><Owner><ent ref="36"/></Owner></rConnector></endConnector></lcaf><atr id="63" nullable="false" attributeType="VARCHAR2(128)"><children><e id="64" x="14" y="224" w="80" h="20"><a><fillColor><color rgba="#ffffebeb"/></fillColor></a></e><t id="65" x="27.1435546875" y="226.7080078125"><a><text><string>direccion</string></text></a></t></children></atr><lcaf id="66"><points><p colinear="true" x="107" y="211.7741935483871" c1x="0" c1y="0" c2x="0" c2y="0"/><p colinear="true" x="77.84615384615385" y="224" c1x="0" c1y="0" c2x="0" c2y="0"/></points><startConnector><rConnector id="67"><Owner><ent ref="36"/></Owner></rConnector></startConnector><endConnector><rConnector id="68"><Owner><atr ref="63"/></Owner></rConnector></endConnector></lcaf><atr ref="20"/><atr ref="2c"/><atr ref="27"/><atr id="69" nullable="false" attributeType="VARCHAR2(128)"><children><e id="6a" x="766" y="81" w="80" h="20"><a><fillColor><color rgba="#ffffebeb"/></fillColor></a></e><t id="6b" x="779.7265625" y="83.7080078125"><a><text><string>nombres</string></text></a></t></children></atr><atr id="6c" nullable="false" attributeType="VARCHAR2(128)"><children><e id="6d" x="841" y="44" w="114.775390625" h="20"><a><fillColor><color rgba="#ffffebeb"/></fillColor></a></e><t id="6e" x="854.73828125" y="46.7080078125"><a><text><string>primerApellido</string></text></a></t></children></atr><atr id="6f" nullable="false" attributeType="VARCHAR2(128)"><children><e id="70" x="906" y="76" w="118.291015625" h="20"><a><fillColor><color rgba="#ffffebeb"/></fillColor></a></e><t id="71" x="916" y="78.7080078125"><a><text><string>segundoApellido</string></text></a></t></children></atr><lcaf id="72"><points><p colinear="true" x="895.6456830929487" y="64" c1x="751" c1y="15" c2x="751" c2y="15"/><p colinear="true" x="879.7420122195513" y="122" c1x="751" c1y="15" c2x="751" c2y="15"/></points><startConnector><rConnector id="73"><Owner><atr ref="6c"/></Owner></rConnector></startConnector><endConnector><rConnector id="74"><Owner><atr ref="20"/></Owner></rConnector></endConnector></lcaf><lcaf id="75"><points><p colinear="true" x="823.3170731707318" y="101" c1x="751" c1y="15" c2x="751" c2y="15"/><p colinear="true" x="859.6829268292682" y="122" c1x="751" c1y="15" c2x="751" c2y="15"/></points><startConnector><rConnector id="76"><Owner><atr ref="69"/></Owner></rConnector></startConnector><endConnector><rConnector id="77"><Owner><atr ref="20"/></Owner></rConnector></endConnector></lcaf><lcaf id="78"><points><p colinear="true" x="945.9834408967391" y="96" c1x="751" c1y="15" c2x="751" c2y="15"/><p colinear="true" x="896.1620669157609" y="122" c1x="751" c1y="15" c2x="751" c2y="15"/></points><startConnector><rConnector id="79"><Owner><atr ref="6f"/></Owner></rConnector></startConnector><endConnector><rConnector id="7a"><Owner><atr ref="20"/></Owner></rConnector></endConnector></lcaf><atrchave ref="32"/><atr ref="1b"/><atrmulti ref="15"/><atrmulti ref="f"/><atrmulti id="7b" nullable="false" attributeType="VARCHAR2(128)"><children><e id="7c" x="112" y="256" w="80" h="20"><a><fillColor><color rgba="#ffffebeb"/></fillColor><strokeType><enum type="strokeType">DOUBLE</enum></strokeType><innerStrokeWidthFactor><double>3</double></innerStrokeWidthFactor></a></e><t id="7d" x="124.525390625" y="258.7080078125"><a><text><string>telefonos</string></text></a></t></children></atrmulti><lcaf id="7e"><points><p colinear="true" x="148.40845070422534" y="215" c1x="0" c1y="0" c2x="0" c2y="0"/><p colinear="true" x="151.2957746478873" y="256" c1x="0" c1y="0" c2x="0" c2y="0"/></points><startConnector><rConnector id="7f"><Owner><ent ref="36"/></Owner></rConnector></startConnector><endConnector><rConnector id="80"><Owner><atrmulti ref="7b"/></Owner></rConnector></endConnector></lcaf><rel ref="8"/><ent id="81"><children><r id="82" x="865" y="498" w="80" h="40"><a><fillColor><color rgba="#ffebffe8"/></fillColor></a></r><t id="83" x="875.8525390625" y="510.7080078125"><a><text><string>maquinas</string></text></a></t></children></ent><llabelUm id="84"><points><p colinear="true" x="443" y="198.52380952380952" c1x="0" c1y="0" c2x="0" c2y="0"/><p colinear="true" x="187" y="195.47619047619048" c1x="0" c1y="0" c2x="0" c2y="0"/></points><startConnector><rConnector id="85"><Owner><rel ref="8"/></Owner></rConnector></startConnector><endConnector><rConnector id="86"><Owner><ent ref="36"/></Owner></rConnector></endConnector></llabelUm><atrchave id="87" nullable="false" attributeType="NUMBER"><children><e id="88" x="840" y="578" w="131.26953125" h="20"><a><fillColor><color rgba="#ffffebeb"/></fillColor></a></e><t id="89" x="850" y="580.7080078125"><a><fontUnderlined><boolean>true</boolean></fontUnderlined><fontBold><boolean>true</boolean></fontBold><text><string>codigo_maquina</string></text></a></t></children></atrchave><atrmulti id="8a" nullable="false" attributeType="VARCHAR2(128)"><children><e id="8b" x="738" y="501" w="80" h="20"><a><fillColor><color rgba="#ffffebeb"/></fillColor><strokeType><enum type="strokeType">DOUBLE</enum></strokeType><innerStrokeWidthFactor><double>3</double></innerStrokeWidthFactor></a></e><t id="8c" x="758.0166015625" y="503.7080078125"><a><text><string>modos</string></text></a></t></children></atrmulti><atr id="8d" nullable="false" attributeType="VARCHAR2(128)"><children><e id="8e" x="992" y="509" w="129.365234375" h="20"><a><fillColor><color rgba="#ffffebeb"/></fillColor></a></e><t id="8f" x="1019.0771484375" y="511.7080078125"><a><text><string>tiempo_max</string></text></a></t></children></atr><rel id="90"><children><diamond id="91" x="864" y="357" w="80" h="40"><a><fillColor><color rgba="#ffddddff"/></fillColor></a></diamond><t id="92" x="886.1435546875" y="369.7080078125"><a><text><string>utiliza</string></text></a></t></children></rel><llabelDoubleMuitos id="93"><points><p colinear="true" x="903.2899408284023" y="357" c1x="0" c1y="0" c2x="0" c2y="0"/><p colinear="true" x="898.7100591715977" y="228" c1x="0" c1y="0" c2x="0" c2y="0"/></points><startConnector><rConnector id="94"><Owner><rel ref="90"/></Owner></rConnector></startConnector><endConnector><rConnector id="95"><Owner><ent ref="2"/></Owner></rConnector></endConnector><a><innerStrokeWidthFactor><double>3</double></innerStrokeWidthFactor><text><string>N</string></text></a></llabelDoubleMuitos><llabelDoubleMuitos id="96"><points><p colinear="true" x="904.1418439716313" y="397" c1x="0" c1y="0" c2x="0" c2y="0"/><p colinear="true" x="904.8581560283687" y="498" c1x="0" c1y="0" c2x="0" c2y="0"/></points><startConnector><rConnector id="97"><Owner><rel ref="90"/></Owner></rConnector></startConnector><endConnector><rConnector id="98"><Owner><ent ref="81"/></Owner></rConnector></endConnector><a><innerStrokeWidthFactor><double>3</double></innerStrokeWidthFactor><text><string>M</string></text></a></llabelDoubleMuitos><lcaf id="99"><points><p colinear="true" x="818" y="513.2047244094488" c1x="0" c1y="0" c2x="0" c2y="0"/><p colinear="true" x="865" y="515.7952755905512" c1x="0" c1y="0" c2x="0" c2y="0"/></points><startConnector><rConnector id="9a"><Owner><atrmulti ref="8a"/></Owner></rConnector></startConnector><endConnector><rConnector id="9b"><Owner><ent ref="81"/></Owner></rConnector></endConnector></lcaf><lcaf id="9c"><points><p colinear="true" x="992" y="518.5735660526773" c1x="0" c1y="0" c2x="0" c2y="0"/><p colinear="true" x="945" y="518.2637085299666" c1x="0" c1y="0" c2x="0" c2y="0"/></points><startConnector><rConnector id="9d"><Owner><atr ref="8d"/></Owner></rConnector></startConnector><endConnector><rConnector id="9e"><Owner><ent ref="81"/></Owner></rConnector></endConnector></lcaf><lcaf id="9f"><points><p colinear="true" x="905.1813616071429" y="538" c1x="0" c1y="0" c2x="0" c2y="0"/><p colinear="true" x="905.5440848214286" y="578" c1x="0" c1y="0" c2x="0" c2y="0"/></points><startConnector><rConnector id="a0"><Owner><ent ref="81"/></Owner></rConnector></startConnector><endConnector><rConnector id="a1"><Owner><atrchave ref="87"/></Owner></rConnector></endConnector></lcaf><ent id="a2"><children><r id="a3" x="1359" y="182" w="80" h="40"><a><fillColor><color rgba="#ffebffe8"/></fillColor></a></r><t id="a4" x="1359.8154296875" y="194.7080078125"><a><text><string>grupo_danza</string></text></a></t></children></ent><atrchave id="a5" nullable="false" attributeType="NUMBER"><children><e id="a6" x="1273" y="128" w="112.484375" h="20"><a><fillColor><color rgba="#ffffebeb"/></fillColor></a></e><t id="a7" x="1283" y="130.7080078125"><a><fontUnderlined><boolean>true</boolean></fontUnderlined><fontBold><boolean>true</boolean></fontBold><text><string>codigo_grupo</string></text></a></t></children></atrchave><atr id="a8" nullable="false" attributeType="VARCHAR2(128)"><children><e id="a9" x="1437" y="137" w="116.919921875" h="20"><a><fillColor><color rgba="#ffffebeb"/></fillColor></a></e><t id="aa" x="1447" y="139.7080078125"><a><text><string>danza_moderna</string></text></a></t></children></atr><atr id="ab" nullable="false" attributeType="VARCHAR2(128)"><children><e id="ac" x="1403" y="67" w="80" h="20"><a><fillColor><color rgba="#ffffebeb"/></fillColor></a></e><t id="ad" x="1421.8623046875" y="69.7080078125"><a><text><string>urbano</string></text></a></t></children></atr><atr id="ae" nullable="false" attributeType="VARCHAR2(128)"><children><e id="af" x="1530" y="64" w="80" h="20"><a><fillColor><color rgba="#ffffebeb"/></fillColor></a></e><t id="b0" x="1546.9169921875" y="66.7080078125"><a><text><string>hip-hop</string></text></a></t></children></atr><lcaf id="b1"><points><p colinear="true" x="1450.4942801339287" y="87" c1x="0" c1y="0" c2x="0" c2y="0"/><p colinear="true" x="1487.9656808035713" y="137" c1x="0" c1y="0" c2x="0" c2y="0"/></points><startConnector><rConnector id="b2"><Owner><atr ref="ab"/></Owner></rConnector></startConnector><endConnector><rConnector id="b3"><Owner><atr ref="a8"/></Owner></rConnector></endConnector></lcaf><lcaf id="b4"><points><p colinear="true" x="1559.789035744863" y="84" c1x="0" c1y="0" c2x="0" c2y="0"/><p colinear="true" x="1505.670925192637" y="137" c1x="0" c1y="0" c2x="0" c2y="0"/></points><startConnector><rConnector id="b5"><Owner><atr ref="ae"/></Owner></rConnector></startConnector><endConnector><rConnector id="b6"><Owner><atr ref="a8"/></Owner></rConnector></endConnector></lcaf><rel id="b7"><children><diamond id="b8" x="1114" y="172" w="80" h="40"><a><fillColor><color rgba="#ffddddff"/></fillColor></a></diamond><t id="b9" x="1123.4521484375" y="184.7080078125"><a><text><string>inscribirse</string></text></a></t></children></rel><llabelUm id="ba"><points><p colinear="true" x="1114" y="194.5" c1x="0" c1y="0" c2x="0" c2y="0"/><p colinear="true" x="938" y="205.5" c1x="0" c1y="0" c2x="0" c2y="0"/></points><startConnector><rConnector id="bb"><Owner><rel ref="b7"/></Owner></rConnector></startConnector><endConnector><rConnector id="bc"><Owner><ent ref="2"/></Owner></rConnector></endConnector></llabelUm><llabelDoubleMuitos id="bd"><points><p colinear="true" x="1194" y="193.6326530612245" c1x="0" c1y="0" c2x="0" c2y="0"/><p colinear="true" x="1359" y="200.3673469387755" c1x="0" c1y="0" c2x="0" c2y="0"/></points><startConnector><rConnector id="be"><Owner><rel ref="b7"/></Owner></rConnector></startConnector><endConnector><rConnector id="bf"><Owner><ent ref="a2"/></Owner></rConnector></endConnector><a><innerStrokeWidthFactor><double>3</double></innerStrokeWidthFactor><text><string>N</string></text></a></llabelDoubleMuitos><lcaf id="c0"><points><p colinear="true" x="1340.141845703125" y="148" c1x="0" c1y="0" c2x="0" c2y="0"/><p colinear="true" x="1377.20068359375" y="182" c1x="0" c1y="0" c2x="0" c2y="0"/></points><startConnector><rConnector id="c1"><Owner><atrchave ref="a5"/></Owner></rConnector></startConnector><endConnector><rConnector id="c2"><Owner><ent ref="a2"/></Owner></rConnector></endConnector></lcaf><lcaf id="c3"><points><p colinear="true" x="1477.921786221591" y="157" c1x="0" c1y="0" c2x="0" c2y="0"/><p colinear="true" x="1434.0763494318182" y="182" c1x="0" c1y="0" c2x="0" c2y="0"/></points><startConnector><rConnector id="c4"><Owner><atr ref="a8"/></Owner></rConnector></startConnector><endConnector><rConnector id="c5"><Owner><ent ref="a2"/></Owner></rConnector></endConnector></lcaf><atr id="c6" nullable="false" attributeType="VARCHAR2(128)"><children><e id="c7" x="1495" y="202" w="117.763671875" h="20"><a><fillColor><color rgba="#ffffebeb"/></fillColor></a></e><t id="c8" x="1505" y="204.7080078125"><a><text><string>danza_folklorica</string></text></a></t></children></atr><atr id="c9" nullable="false" attributeType="VARCHAR2(128)"><children><e id="ca" x="1447" y="270" w="101.298828125" h="20"><a><fillColor><color rgba="#ffffebeb"/></fillColor></a></e><t id="cb" x="1457" y="272.7080078125"><a><text><string>danza_tijeras</string></text></a></t></children></atr><lcaf id="cc"><points><p colinear="true" x="1424.2947215544873" y="222" c1x="0" c1y="0" c2x="0" c2y="0"/><p colinear="true" x="1485.0020532852564" y="270" c1x="0" c1y="0" c2x="0" c2y="0"/></points><startConnector><rConnector id="cd"><Owner><ent ref="a2"/></Owner></rConnector></startConnector><endConnector><rConnector id="ce"><Owner><atr ref="c9"/></Owner></rConnector></endConnector></lcaf><lcaf id="cf"><points><p colinear="true" x="1439" y="204.58261401395973" c1x="0" c1y="0" c2x="0" c2y="0"/><p colinear="true" x="1495" y="208.19827363350336" c1x="0" c1y="0" c2x="0" c2y="0"/></points><startConnector><rConnector id="d0"><Owner><ent ref="a2"/></Owner></rConnector></startConnector><endConnector><rConnector id="d1"><Owner><atr ref="c6"/></Owner></rConnector></endConnector></lcaf><atrchave id="d2" nullable="false" attributeType="NUMBER"><children><e id="d3" x="1157" y="368" w="129.904296875" h="20"><a><fillColor><color rgba="#ffffebeb"/></fillColor></a></e><t id="d4" x="1167" y="370.7080078125"><a><fontUnderlined><boolean>true</boolean></fontUnderlined><fontBold><boolean>true</boolean></fontBold><text><string>codigo_profesor</string></text></a></t></children></atrchave><atr id="d5" nullable="false" attributeType="VARCHAR2(128)"><children><e id="d6" x="1318" y="530" w="80" h="20"><a><fillColor><color rgba="#ffffebeb"/></fillColor></a></e><t id="d7" x="1334.8525390625" y="532.7080078125"><a><text><string>nombre</string></text></a></t></children></atr><atr id="d8" nullable="false" attributeType="VARCHAR2(128)"><children><e id="d9" x="1415" y="469" w="80" h="20"><a><fillColor><color rgba="#ffffebeb"/></fillColor></a></e><t id="da" x="1438.693359375" y="471.7080078125"><a><text><string>email</string></text></a></t></children></atr><atr id="db" nullable="false" attributeType="VARCHAR2(128)"><children><e id="dc" x="1210" y="472" w="80" h="20"><a><fillColor><color rgba="#ffffebeb"/></fillColor></a></e><t id="dd" x="1213.23828125" y="474.7080078125"><a><text><string>especialidad</string></text></a></t></children></atr><atrmulti id="de" nullable="false" attributeType="VARCHAR2(128)"><children><e id="df" x="1468" y="408" w="80" h="20"><a><fillColor><color rgba="#ffffebeb"/></fillColor><strokeType><enum type="strokeType">DOUBLE</enum></strokeType><innerStrokeWidthFactor><double>3</double></innerStrokeWidthFactor></a></e><t id="e0" x="1480.525390625" y="410.7080078125"><a><text><string>telefonos</string></text></a></t></children></atrmulti><atr id="e1" nullable="false" attributeType="VARCHAR2(128)"><children><e id="e2" x="15" y="66" w="80" h="20"><a><fillColor><color rgba="#ffffebeb"/></fillColor></a></e><t id="e3" x="28.7265625" y="68.7080078125"><a><text><string>nombres</string></text></a></t></children></atr><atr id="e4" nullable="false" attributeType="VARCHAR2(128)"><children><e id="e5" x="90" y="29" w="114.775390625" h="20"><a><fillColor><color rgba="#ffffebeb"/></fillColor></a></e><t id="e6" x="103.73828125" y="31.7080078125"><a><text><string>primerApellido</string></text></a></t></children></atr><atr id="e7" nullable="false" attributeType="VARCHAR2(128)"><children><e id="e8" x="155" y="61" w="118.291015625" h="20"><a><fillColor><color rgba="#ffffebeb"/></fillColor></a></e><t id="e9" x="165" y="63.7080078125"><a><text><string>segundoApellido</string></text></a></t></children></atr><lcaf id="ea"><points><p colinear="true" x="144.6456830929487" y="49" c1x="0" c1y="0" c2x="0" c2y="0"/><p colinear="true" x="128.74201221955127" y="107" c1x="0" c1y="0" c2x="0" c2y="0"/></points><startConnector><rConnector id="eb"><Owner><atr ref="e4"/></Owner></rConnector></startConnector><endConnector><rConnector id="ec"><Owner><atr id="ed" nullable="false" attributeType="VARCHAR2(128)"><children><e id="ee" x="86" y="107" w="80" h="20"><a><fillColor><color rgba="#ffffebeb"/></fillColor></a></e><t id="ef" x="102.8525390625" y="109.7080078125"><a><text><string>nombre</string></text></a></t></children></atr></Owner></rConnector></endConnector></lcaf><lcaf id="f0"><points><p colinear="true" x="72.31707317073172" y="86" c1x="0" c1y="0" c2x="0" c2y="0"/><p colinear="true" x="108.68292682926828" y="107" c1x="0" c1y="0" c2x="0" c2y="0"/></points><startConnector><rConnector id="f1"><Owner><atr ref="e1"/></Owner></rConnector></startConnector><endConnector><rConnector id="f2"><Owner><atr ref="ed"/></Owner></rConnector></endConnector></lcaf><lcaf id="f3"><points><p colinear="true" x="194.98344089673913" y="81" c1x="0" c1y="0" c2x="0" c2y="0"/><p colinear="true" x="145.16206691576087" y="107" c1x="0" c1y="0" c2x="0" c2y="0"/></points><startConnector><rConnector id="f4"><Owner><atr ref="e7"/></Owner></rConnector></startConnector><endConnector><rConnector id="f5"><Owner><atr ref="ed"/></Owner></rConnector></endConnector></lcaf><atr id="f6" nullable="false" attributeType="VARCHAR2(128)"><children><e id="f7" x="1319" y="618" w="118.501953125" h="20"><a><fillColor><color rgba="#ffffebeb"/></fillColor></a></e><t id="f8" x="1334.6015625" y="620.7080078125"><a><text><string>primerApellido</string></text></a></t></children></atr><atr id="f9" nullable="false" attributeType="VARCHAR2(128)"><children><e id="fa" x="1198" y="599" w="107.509765625" h="20"><a><fillColor><color rgba="#ffffebeb"/></fillColor></a></e><t id="fb" x="1225.4814453125" y="601.7080078125"><a><text><string>nombres</string></text></a></t></children></atr><atr id="fc" nullable="false" attributeType="VARCHAR2(128)"><children><e id="fd" x="1447" y="585" w="120.2421875" h="20"><a><fillColor><color rgba="#ffffebeb"/></fillColor></a></e><t id="fe" x="1457" y="587.7080078125"><a><text><string>SegundoApellido</string></text></a></t></children></atr><lcaf id="ff"><points><p colinear="true" x="1360.3012473366477" y="550" c1x="0" c1y="0" c2x="0" c2y="0"/><p colinear="true" x="1375.9497292258523" y="618" c1x="0" c1y="0" c2x="0" c2y="0"/></points><startConnector><rConnector id="100"><Owner><atr ref="d5"/></Owner></rConnector></startConnector><endConnector><rConnector id="101"><Owner><atr ref="f6"/></Owner></rConnector></endConnector></lcaf><lcaf id="102"><points><p colinear="true" x="1342.6021569293478" y="550" c1x="0" c1y="0" c2x="0" c2y="0"/><p colinear="true" x="1267.1527258831522" y="599" c1x="0" c1y="0" c2x="0" c2y="0"/></points><startConnector><rConnector id="103"><Owner><atr ref="d5"/></Owner></rConnector></startConnector><endConnector><rConnector id="104"><Owner><atr ref="f9"/></Owner></rConnector></endConnector></lcaf><lcaf id="105"><points><p colinear="true" x="1385.1129261363635" y="550" c1x="0" c1y="0" c2x="0" c2y="0"/><p colinear="true" x="1480.0081676136363" y="585" c1x="0" c1y="0" c2x="0" c2y="0"/></points><startConnector><rConnector id="106"><Owner><atr ref="d5"/></Owner></rConnector></startConnector><endConnector><rConnector id="107"><Owner><atr ref="fc"/></Owner></rConnector></endConnector></lcaf><relfraco id="108"><children><diamond id="109" x="1306" y="287" w="97" h="50"><a><fillColor><color rgba="#ffddddff"/></fillColor><strokeType><enum type="strokeType">DOUBLE</enum></strokeType><innerStrokeWidthFactor><double>3</double></innerStrokeWidthFactor></a></diamond><t id="10a" x="1334.4873046875" y="304.7080078125"><a><text><string>Asigna</string></text></a></t></children></relfraco><entfraca id="10b"><children><r id="10c" x="1290" y="414" w="113.322265625" h="40"><a><fillColor><color rgba="#ffebffe8"/></fillColor><strokeType><enum type="strokeType">DOUBLE</enum></strokeType><innerStrokeWidthFactor><double>3</double></innerStrokeWidthFactor></a></r><t id="10d" x="1300" y="426.7080078125"><a><text><string>profesor_danza</string></text></a></t></children></entfraca><lcaf id="10e"><points><p colinear="true" x="1244.2216099330358" y="388" c1x="0" c1y="0" c2x="0" c2y="0"/><p colinear="true" x="1302.1222098214287" y="414" c1x="0" c1y="0" c2x="0" c2y="0"/></points><startConnector><rConnector id="10f"><Owner><atrchave ref="d2"/></Owner></rConnector></startConnector><endConnector><rConnector id="110"><Owner><entfraca ref="10b"/></Owner></rConnector></endConnector></lcaf><lcaf id="111"><points><p colinear="true" x="1468" y="421.96680608434065" c1x="0" c1y="0" c2x="0" c2y="0"/><p colinear="true" x="1403.322265625" y="428.3809068403436" c1x="0" c1y="0" c2x="0" c2y="0"/></points><startConnector><rConnector id="112"><Owner><atrmulti ref="de"/></Owner></rConnector></startConnector><endConnector><rConnector id="113"><Owner><entfraca ref="10b"/></Owner></rConnector></endConnector></lcaf><lcaf id="114"><points><p colinear="true" x="1306.3856608072917" y="454" c1x="0" c1y="0" c2x="0" c2y="0"/><p colinear="true" x="1270.1377360026042" y="472" c1x="0" c1y="0" c2x="0" c2y="0"/></points><startConnector><rConnector id="115"><Owner><entfraca ref="10b"/></Owner></rConnector></startConnector><endConnector><rConnector id="116"><Owner><atr ref="db"/></Owner></rConnector></endConnector></lcaf><lcaf id="117"><points><p colinear="true" x="1394.811740451389" y="454" c1x="0" c1y="0" c2x="0" c2y="0"/><p colinear="true" x="1430.9246961805557" y="469" c1x="0" c1y="0" c2x="0" c2y="0"/></points><startConnector><rConnector id="118"><Owner><entfraca ref="10b"/></Owner></rConnector></startConnector><endConnector><rConnector id="119"><Owner><atr ref="d8"/></Owner></rConnector></endConnector></lcaf><lcaf id="11a"><points><p colinear="true" x="1348.800541715802" y="454" c1x="0" c1y="0" c2x="0" c2y="0"/><p colinear="true" x="1356.930295548349" y="530" c1x="0" c1y="0" c2x="0" c2y="0"/></points><startConnector><rConnector id="11b"><Owner><entfraca ref="10b"/></Owner></rConnector></startConnector><endConnector><rConnector id="11c"><Owner><atr ref="d5"/></Owner></rConnector></endConnector></lcaf><llabelUm id="11d"><points><p colinear="true" x="1352.89367475666" y="337" c1x="0" c1y="0" c2x="0" c2y="0"/><p colinear="true" x="1347.946193007172" y="414" c1x="0" c1y="0" c2x="0" c2y="0"/></points><startConnector><rConnector id="11e"><Owner><relfraco ref="108"/></Owner></rConnector></startConnector><endConnector><rConnector id="11f"><Owner><entfraca ref="10b"/></Owner></rConnector></endConnector></llabelUm><llabelUm id="120"><points><p colinear="true" x="1364.6136363636363" y="287" c1x="0" c1y="0" c2x="0" c2y="0"/><p colinear="true" x="1390.909090909091" y="222" c1x="0" c1y="0" c2x="0" c2y="0"/></points><startConnector><rConnector id="121"><Owner><relfraco ref="108"/></Owner></rConnector></startConnector><endConnector><rConnector id="122"><Owner><ent ref="a2"/></Owner></rConnector></endConnector></llabelUm></figures></drawing>