<drawing><figures><lcaf id="0"><points><p colinear="true" x="922.6854341845273" y="112.46338609446764" c1x="851" c1y="38" c2x="851" c2y="38"/><p colinear="true" x="867.2890820983431" y="190" c1x="851" c1y="38" c2x="851" c2y="38"/></points><startConnector><rConnector id="1"><Owner><atr id="2" nullable="false" attributeType="VARCHAR2(128)"><children><e id="3" x="889" y="95" w="79.84765625" h="17.463386094467637"><a><fillColor><color rgba="#ffffebeb"/></fillColor></a></e><t id="4" x="899" y="96.43970085973382"><a><text><string>capacidad</string></text></a></t></children></atr></Owner></rConnector></startConnector><endConnector><rConnector id="5"><Owner><ent id="6"><children><r id="7" x="813" y="190" w="80" h="40"><a><fillColor><color rgba="#ffebffe8"/></fillColor></a></r><t id="8" x="841.0205078125" y="202.7080078125"><a><text><string>sala</string></text></a></t></children></ent></Owner></rConnector></endConnector></lcaf><atr ref="2"/><ent ref="6"/><atrchave id="9" nullable="false" attributeType="NUMBER"><children><e id="a" x="712" y="101" w="63.849609375" h="17.51981593283932"><a><fillColor><color rgba="#ffffebeb"/></fillColor></a></e><t id="b" x="721.71484375" y="102.46791577891966"><a><fontUnderlined><boolean>true</boolean></fontUnderlined><fontBold><boolean>true</boolean></fontBold><text><string>codigo</string></text></a></t></children></atrchave><atr id="c" nullable="false" attributeType="VARCHAR2(128)"><children><e id="d" x="807" y="97" w="66.294921875" h="17.463386094467637"><a><fillColor><color rgba="#ffffebeb"/></fillColor></a></e><t id="e" x="817" y="98.43970085973382"><a><text><string>nombre</string></text></a></t></children></atr><lcaf id="f"><points><p colinear="true" x="753.4568058356699" y="118.51981593283932" c1x="700" c1y="41" c2x="700" c2y="41"/><p colinear="true" x="831.2372116585926" y="190" c1x="700" c1y="41" c2x="700" c2y="41"/></points><startConnector><rConnector id="10"><Owner><atrchave ref="9"/></Owner></rConnector></startConnector><endConnector><rConnector id="11"><Owner><ent ref="6"/></Owner></rConnector></endConnector></lcaf><lcaf id="12"><points><p colinear="true" x="841.2237652264166" y="114.46338609446764" c1x="700" c1y="41" c2x="700" c2y="41"/><p colinear="true" x="850.5347179908997" y="190" c1x="700" c1y="41" c2x="700" c2y="41"/></points><startConnector><rConnector id="13"><Owner><atr ref="c"/></Owner></rConnector></startConnector><endConnector><rConnector id="14"><Owner><ent ref="6"/></Owner></rConnector></endConnector></lcaf><ent id="15"><children><r id="16" x="1054" y="738" w="71.80859375" h="20"><a><fillColor><color rgba="#ffebffe8"/></fillColor></a></r><t id="17" x="1067.1259765625" y="740.7080078125"><a><text><string>pelicula</string></text></a></t></children></ent><atrchave id="18" nullable="false" attributeType="NUMBER"><children><e id="19" x="1118" y="616" w="63.849609375" h="20.519815932839265"><a><fillColor><color rgba="#ffffebeb"/></fillColor></a></e><t id="1a" x="1127.71484375" y="618.9679157789196"><a><fontUnderlined><boolean>true</boolean></fontUnderlined><fontBold><boolean>true</boolean></fontBold><text><string>codigo</string></text></a></t></children></atrchave><atr id="1b" nullable="false" attributeType="VARCHAR2(128)"><children><e id="1c" x="1162" y="656" w="140.09375" h="19.463386094467637"><a><fillColor><color rgba="#ffffebeb"/></fillColor></a></e><t id="1d" x="1174.1826171875" y="658.4397008597339"><a><text><string>nombre en espa&#xf1;ol</string></text></a></t></children></atr><atr id="1e" nullable="false" attributeType="VARCHAR2(128)"><children><e id="1f" x="1285" y="694" w="140.09375" h="19.463386094467637"><a><fillColor><color rgba="#ffffebeb"/></fillColor></a></e><t id="20" x="1307.509765625" y="696.4397008597339"><a><text><string>nombre original</string></text></a></t></children></atr><atr id="21" nullable="false" attributeType="VARCHAR2(128)"><children><e id="22" x="996" y="623" w="69" h="19.463386094467637"><a><fillColor><color rgba="#ffffebeb"/></fillColor></a></e><t id="23" x="1007.2880859375" y="625.4397008597339"><a><text><string>director</string></text></a></t></children></atr><atr id="24" nullable="false" attributeType="VARCHAR2(128)"><children><e id="25" x="947" y="805" w="141" h="19.463386094467637"><a><fillColor><color rgba="#ffffebeb"/></fillColor></a></e><t id="26" x="961.19140625" y="807.4397008597339"><a><text><string>actores principales</string></text></a></t></children></atr><atr id="27" nullable="false" attributeType="VARCHAR2(128)"><children><e id="28" x="1113" y="873" w="140.09375" h="19.463386094467637"><a><fillColor><color rgba="#ffffebeb"/></fillColor></a></e><t id="29" x="1123.8115234375" y="875.4397008597339"><a><text><string>a&#xf1;o de lanzamiento</string></text></a></t></children></atr><atr id="2a" nullable="false" attributeType="VARCHAR2(128)"><children><e id="2b" x="1302" y="842" w="56" h="19.463386094467637"><a><fillColor><color rgba="#ffffebeb"/></fillColor></a></e><t id="2c" x="1318.609375" y="844.4397008597339"><a><text><string>tipo</string></text></a></t></children></atr><atr id="2d" nullable="false" attributeType="VARCHAR2(128)"><children><e id="2e" x="1343" y="752" w="94" h="19.463386094467637"><a><fillColor><color rgba="#ffffebeb"/></fillColor></a></e><t id="2f" x="1366.15234375" y="754.4397008597339"><a><text><string>sinopsis</string></text></a></t></children></atr><lcaf id="30"><points><p colinear="true" x="1144.8664473627482" y="636.5198159328393" c1x="734.6623731910328" c1y="507" c2x="734.6623731910328" c2y="507"/><p colinear="true" x="1094.8345139308524" y="738" c1x="734.6623731910328" c1y="507" c2x="734.6623731910328" c2y="507"/></points><startConnector><rConnector id="31"><Owner><atrchave ref="18"/></Owner></rConnector></startConnector><endConnector><rConnector id="32"><Owner><ent ref="15"/></Owner></rConnector></endConnector></lcaf><lcaf id="33"><points><p colinear="true" x="1215.2325270391364" y="675.4633860944676" c1x="734.6623731910328" c1y="507" c2x="734.6623731910328" c2y="507"/><p colinear="true" x="1107.1822236234634" y="738" c1x="734.6623731910328" c1y="507" c2x="734.6623731910328" c2y="507"/></points><startConnector><rConnector id="34"><Owner><atr ref="1b"/></Owner></rConnector></startConnector><endConnector><rConnector id="35"><Owner><ent ref="15"/></Owner></rConnector></endConnector></lcaf><lcaf id="36"><points><p colinear="true" x="1296.7594372893632" y="713.4633860944676" c1x="734.6623731910328" c1y="507" c2x="734.6623731910328" c2y="507"/><p colinear="true" x="1125.80859375" y="742.005404766652" c1x="734.6623731910328" c1y="507" c2x="734.6623731910328" c2y="507"/></points><startConnector><rConnector id="37"><Owner><atr ref="1e"/></Owner></rConnector></startConnector><endConnector><rConnector id="38"><Owner><ent ref="15"/></Owner></rConnector></endConnector></lcaf><lcaf id="39"><points><p colinear="true" x="1035.5152934328353" y="642.4633860944676" c1x="606" c1y="526" c2x="606" c2y="526"/><p colinear="true" x="1084.7507296503732" y="738" c1x="606" c1y="526" c2x="606" c2y="526"/></points><startConnector><rConnector id="3a"><Owner><atr ref="21"/></Owner></rConnector></startConnector><endConnector><rConnector id="3b"><Owner><ent ref="15"/></Owner></rConnector></endConnector></lcaf><lcaf id="3c"><points><p colinear="true" x="1028.0589467359916" y="805" c1x="734.6623731910328" c1y="507" c2x="734.6623731910328" c2y="507"/><p colinear="true" x="1079.0542354471038" y="758" c1x="734.6623731910328" c1y="507" c2x="734.6623731910328" c2y="507"/></points><startConnector><rConnector id="3d"><Owner><atr ref="24"/></Owner></rConnector></startConnector><endConnector><rConnector id="3e"><Owner><ent ref="15"/></Owner></rConnector></endConnector></lcaf><lcaf id="3f"><points><p colinear="true" x="1176.319170779563" y="873" c1x="738.8448864036678" c1y="457" c2x="738.8448864036678" c2y="457"/><p colinear="true" x="1096.817486787365" y="758" c1x="738.8448864036678" c1y="457" c2x="738.8448864036678" c2y="457"/></points><startConnector><rConnector id="40"><Owner><atr ref="27"/></Owner></rConnector></startConnector><endConnector><rConnector id="41"><Owner><ent ref="15"/></Owner></rConnector></endConnector></lcaf><lcaf id="42"><points><p colinear="true" x="1307.4751802835383" y="842" c1x="734.6623731910328" c1y="507" c2x="734.6623731910328" c2y="507"/><p colinear="true" x="1113.0501355354827" y="758" c1x="734.6623731910328" c1y="507" c2x="734.6623731910328" c2y="507"/></points><startConnector><rConnector id="43"><Owner><atr ref="2a"/></Owner></rConnector></startConnector><endConnector><rConnector id="44"><Owner><ent ref="15"/></Owner></rConnector></endConnector></lcaf><lcaf id="45"><points><p colinear="true" x="1343" y="759.5810805376266" c1x="734.6623731910328" c1y="507" c2x="734.6623731910328" c2y="507"/><p colinear="true" x="1125.80859375" y="749.642898510809" c1x="734.6623731910328" c1y="507" c2x="734.6623731910328" c2y="507"/></points><startConnector><rConnector id="46"><Owner><atr ref="2d"/></Owner></rConnector></startConnector><endConnector><rConnector id="47"><Owner><ent ref="15"/></Owner></rConnector></endConnector></lcaf><ent id="48"><children><r id="49" x="1344.6564867424242" y="209" w="80" h="40"><a><fillColor><color rgba="#ffebffe8"/></fillColor></a></r><t id="4a" x="1363.2053148674242" y="221.7080078125"><a><text><string>horario</string></text></a></t></children></ent><atr id="4b" nullable="false" attributeType="VARCHAR2(128)"><children><e id="4c" x="1218" y="100" w="105.640625" h="20"><a><fillColor><color rgba="#ffffebeb"/></fillColor></a></e><t id="4d" x="1230.1826171875" y="102.7080078125"><a><text><string>hora de inicio</string></text></a></t></children></atr><atr id="4e" nullable="false" attributeType="VARCHAR2(128)"><children><e id="4f" x="1356.6564867424242" y="112" w="105.640625" h="20"><a><fillColor><color rgba="#ffffebeb"/></fillColor></a></e><t id="50" x="1376.7902758049242" y="114.7080078125"><a><text><string>hora de fin</string></text></a></t></children></atr><atr id="51" nullable="false" attributeType="VARCHAR2(128)"><children><e id="52" x="1484.6564867424242" y="151" w="80" h="20"><a><fillColor><color rgba="#ffffebeb"/></fillColor></a></e><t id="53" x="1508.4465258049242" y="153.7080078125"><a><text><string>fecha</string></text></a></t></children></atr><atr id="54" nullable="false" attributeType="VARCHAR2(128)"><children><e id="55" x="1420.6564867424242" y="48" w="80" h="20"><a><fillColor><color rgba="#ffffebeb"/></fillColor></a></e><t id="56" x="1451.6682054924242" y="50.7080078125"><a><text><string>dia</string></text></a></t></children></atr><atr id="57" nullable="false" attributeType="VARCHAR2(128)"><children><e id="58" x="1545.6564867424242" y="42" w="80" h="20"><a><fillColor><color rgba="#ffffebeb"/></fillColor></a></e><t id="59" x="1573.1203539299242" y="44.7080078125"><a><text><string>mes</string></text></a></t></children></atr><atr id="5a" nullable="false" attributeType="VARCHAR2(128)"><children><e id="5b" x="1599.6564867424242" y="81" w="80" h="20"><a><fillColor><color rgba="#ffffebeb"/></fillColor></a></e><t id="5c" x="1628.6144945549242" y="83.7080078125"><a><text><string>a&#xf1;o</string></text></a></t></children></atr><lcaf id="5d"><points><p colinear="true" x="1280.3863775623886" y="120" c1x="452.65648674242425" c1y="-28" c2x="452.65648674242425" c2y="-28"/><p colinear="true" x="1365.524356617647" y="209" c1x="452.65648674242425" c1y="-28" c2x="452.65648674242425" c2y="-28"/></points><startConnector><rConnector id="5e"><Owner><atr ref="4b"/></Owner></rConnector></startConnector><endConnector><rConnector id="5f"><Owner><ent ref="48"/></Owner></rConnector></endConnector></lcaf><lcaf id="60"><points><p colinear="true" x="1407.1571438685924" y="132" c1x="452.65648674242425" c1y="-28" c2x="452.65648674242425" c2y="-28"/><p colinear="true" x="1389.2957974900878" y="209" c1x="452.65648674242425" c1y="-28" c2x="452.65648674242425" c2y="-28"/></points><startConnector><rConnector id="61"><Owner><atr ref="4e"/></Owner></rConnector></startConnector><endConnector><rConnector id="62"><Owner><ent ref="48"/></Owner></rConnector></endConnector></lcaf><lcaf id="63"><points><p colinear="true" x="1504.0682514483067" y="171" c1x="452.65648674242425" c1y="-28" c2x="452.65648674242425" c2y="-28"/><p colinear="true" x="1424.6564867424242" y="209.57142857142856" c1x="452.65648674242425" c1y="-28" c2x="452.65648674242425" c2y="-28"/></points><startConnector><rConnector id="64"><Owner><atr ref="51"/></Owner></rConnector></startConnector><endConnector><rConnector id="65"><Owner><ent ref="48"/></Owner></rConnector></endConnector></lcaf><lcaf id="66"><points><p colinear="true" x="1466.870078975434" y="68" c1x="452.65648674242425" c1y="-28" c2x="452.65648674242425" c2y="-28"/><p colinear="true" x="1518.4428945094146" y="151" c1x="452.65648674242425" c1y="-28" c2x="452.65648674242425" c2y="-28"/></points><startConnector><rConnector id="67"><Owner><atr ref="54"/></Owner></rConnector></startConnector><endConnector><rConnector id="68"><Owner><atr ref="51"/></Owner></rConnector></endConnector></lcaf><lcaf id="69"><points><p colinear="true" x="1580.060156467195" y="62" c1x="452.65648674242425" c1y="-28" c2x="452.65648674242425" c2y="-28"/><p colinear="true" x="1530.2528170176536" y="151" c1x="452.65648674242425" c1y="-28" c2x="452.65648674242425" c2y="-28"/></points><startConnector><rConnector id="6a"><Owner><atr ref="57"/></Owner></rConnector></startConnector><endConnector><rConnector id="6b"><Owner><atr ref="51"/></Owner></rConnector></endConnector></lcaf><lcaf id="6c"><points><p colinear="true" x="1623.227915313853" y="101" c1x="452.65648674242425" c1y="-28" c2x="452.65648674242425" c2y="-28"/><p colinear="true" x="1541.0850581709956" y="151" c1x="452.65648674242425" c1y="-28" c2x="452.65648674242425" c2y="-28"/></points><startConnector><rConnector id="6d"><Owner><atr ref="5a"/></Owner></rConnector></startConnector><endConnector><rConnector id="6e"><Owner><atr ref="51"/></Owner></rConnector></endConnector></lcaf><ent id="6f"><children><r id="70" x="167" y="691" w="80" h="40"><a><fillColor><color rgba="#ffebffe8"/></fillColor></a></r><t id="71" x="183.7880859375" y="703.7080078125"><a><text><string>director</string></text></a></t></children></ent><atrchave id="72" nullable="false" attributeType="NUMBER"><children><e id="73" x="56" y="640" w="80" h="20"><a><fillColor><color rgba="#ffffebeb"/></fillColor></a></e><t id="74" x="73.7900390625" y="642.7080078125"><a><fontUnderlined><boolean>true</boolean></fontUnderlined><fontBold><boolean>true</boolean></fontBold><text><string>codigo</string></text></a></t></children></atrchave><atr id="75" nullable="false" attributeType="VARCHAR2(128)"><children><e id="76" x="87.52941176470586" y="544" w="80" h="20"><a><fillColor><color rgba="#ffffebeb"/></fillColor></a></e><t id="77" x="104.38195082720586" y="546.7080078125"><a><text><string>nombre</string></text></a></t></children></atr><atr id="78" nullable="false" attributeType="VARCHAR2(128)"><children><e id="79" x="7" y="502" w="80" h="20"><a><fillColor><color rgba="#ffffebeb"/></fillColor></a></e><t id="7a" x="20.7265625" y="504.7080078125"><a><text><string>nombres</string></text></a></t></children></atr><atr id="7b" nullable="false" attributeType="VARCHAR2(128)"><children><e id="7c" x="74.52941176470586" y="466" w="110.521484375" h="20"><a><fillColor><color rgba="#ffffebeb"/></fillColor></a></e><t id="7d" x="84.52941176470586" y="468.7080078125"><a><text><string>primer apellido</string></text></a></t></children></atr><atr id="7e" nullable="false" attributeType="VARCHAR2(128)"><children><e id="7f" x="155.52941176470586" y="494" w="121.513671875" h="20"><a><fillColor><color rgba="#ffffebeb"/></fillColor></a></e><t id="80" x="165.52941176470586" y="496.7080078125"><a><text><string>segundo apellido</string></text></a></t></children></atr><atr id="81" nullable="false" attributeType="VARCHAR2(128)"><children><e id="82" x="351" y="634" w="80" h="20"><a><fillColor><color rgba="#ffffebeb"/></fillColor></a></e><t id="83" x="370.1142578125" y="636.7080078125"><a><text><string>genero</string></text></a></t></children></atr><atr id="84" nullable="false" attributeType="VARCHAR2(128)"><children><e id="85" x="354" y="677" w="80" h="20"><a><fillColor><color rgba="#ffffebeb"/></fillColor></a></e><t id="86" x="367.1435546875" y="679.7080078125"><a><text><string>direccion</string></text></a></t></children></atr><atr id="87" nullable="false" attributeType="VARCHAR2(128)"><children><e id="88" x="47" y="799" w="122.703125" h="20"><a><fillColor><color rgba="#ffffebeb"/></fillColor></a></e><t id="89" x="57" y="801.7080078125"><a><text><string>fecha nacimiento</string></text></a></t></children></atr><atrmulti id="8a" nullable="false" attributeType="VARCHAR2(128)"><children><e id="8b" x="487" y="815" w="80" h="20"><a><fillColor><color rgba="#ffffebeb"/></fillColor><strokeType><enum type="strokeType">DOUBLE</enum></strokeType><innerStrokeWidthFactor><double>3</double></innerStrokeWidthFactor></a></e><t id="8c" x="499.525390625" y="817.7080078125"><a><text><string>telefonos</string></text></a></t></children></atrmulti><atrmulti id="8d" nullable="false" attributeType="VARCHAR2(128)"><children><e id="8e" x="293" y="844" w="80" h="20"><a><fillColor><color rgba="#ffffebeb"/></fillColor><strokeType><enum type="strokeType">DOUBLE</enum></strokeType><innerStrokeWidthFactor><double>3</double></innerStrokeWidthFactor></a></e><t id="8f" x="313.5673828125" y="846.7080078125"><a><text><string>emails</string></text></a></t></children></atrmulti><atrderivado id="90"><children><e id="91" x="161" y="827" w="80" h="20"><a><strokeDashes><doubleArray><double>5</double></doubleArray></strokeDashes><fillColor><color rgba="#ffffebeb"/></fillColor></a></e><t id="92" x="186.345703125" y="829.7080078125"><a><text><string>edad</string></text></a></t></children></atrderivado><lcaf id="93"><points><p colinear="true" x="114.19672131147541" y="660" c1x="43" c1y="56" c2x="43" c2y="56"/><p colinear="true" x="170.60655737704917" y="691" c1x="43" c1y="56" c2x="43" c2y="56"/></points><startConnector><rConnector id="94"><Owner><atrchave ref="72"/></Owner></rConnector></startConnector><endConnector><rConnector id="95"><Owner><ent ref="6f"/></Owner></rConnector></endConnector></lcaf><lcaf id="96"><points><p colinear="true" x="132.59123267141248" y="564" c1x="43" c1y="56" c2x="43" c2y="56"/><p colinear="true" x="196.8763581865867" y="691" c1x="43" c1y="56" c2x="43" c2y="56"/></points><startConnector><rConnector id="97"><Owner><atr ref="75"/></Owner></rConnector></startConnector><endConnector><rConnector id="98"><Owner><ent ref="6f"/></Owner></rConnector></endConnector></lcaf><lcaf id="99"><points><p colinear="true" x="66.17366946778711" y="522" c1x="19.529411764705856" c1y="32" c2x="19.529411764705856" c2y="32"/><p colinear="true" x="108.35574229691872" y="544" c1x="19.529411764705856" c1y="32" c2x="19.529411764705856" c2y="32"/></points><startConnector><rConnector id="9a"><Owner><atr ref="78"/></Owner></rConnector></startConnector><endConnector><rConnector id="9b"><Owner><atr ref="75"/></Owner></rConnector></endConnector></lcaf><lcaf id="9c"><points><p colinear="true" x="127.81925050669304" y="544" c1x="19.529411764705856" c1y="32" c2x="19.529411764705856" c2y="32"/><p colinear="true" x="129.50031521021867" y="486" c1x="19.529411764705856" c1y="32" c2x="19.529411764705856" c2y="32"/></points><startConnector><rConnector id="9d"><Owner><atr ref="75"/></Owner></rConnector></startConnector><endConnector><rConnector id="9e"><Owner><atr ref="7b"/></Owner></rConnector></endConnector></lcaf><lcaf id="9f"><points><p colinear="true" x="145.28077895220585" y="544" c1x="19.529411764705856" c1y="32" c2x="19.529411764705856" c2y="32"/><p colinear="true" x="198.53488051470583" y="514" c1x="19.529411764705856" c1y="32" c2x="19.529411764705856" c2y="32"/></points><startConnector><rConnector id="a0"><Owner><atr ref="75"/></Owner></rConnector></startConnector><endConnector><rConnector id="a1"><Owner><atr ref="7e"/></Owner></rConnector></endConnector></lcaf><lcaf id="a2"><points><p colinear="true" x="247" y="696.4347826086956" c1x="43" c1y="56" c2x="43" c2y="56"/><p colinear="true" x="363.53731343283584" y="654" c1x="43" c1y="56" c2x="43" c2y="56"/></points><startConnector><rConnector id="a3"><Owner><ent ref="6f"/></Owner></rConnector></startConnector><endConnector><rConnector id="a4"><Owner><atr ref="81"/></Owner></rConnector></endConnector></lcaf><lcaf id="a5"><points><p colinear="true" x="118.41772959183673" y="799" c1x="43" c1y="56" c2x="43" c2y="56"/><p colinear="true" x="186.86766581632654" y="731" c1x="43" c1y="56" c2x="43" c2y="56"/></points><startConnector><rConnector id="a6"><Owner><atr ref="87"/></Owner></rConnector></startConnector><endConnector><rConnector id="a7"><Owner><ent ref="6f"/></Owner></rConnector></endConnector></lcaf><lcaf id="a8"><points><p colinear="true" x="201.47619047619048" y="827" c1x="43" c1y="56" c2x="43" c2y="56"/><p colinear="true" x="206.04761904761904" y="731" c1x="43" c1y="56" c2x="43" c2y="56"/></points><startConnector><rConnector id="a9"><Owner><atrderivado ref="90"/></Owner></rConnector></startConnector><endConnector><rConnector id="aa"><Owner><ent ref="6f"/></Owner></rConnector></endConnector></lcaf><lcaf id="ab"><points><p colinear="true" x="354" y="692.1336898395722" c1x="43" c1y="56" c2x="43" c2y="56"/><p colinear="true" x="247" y="705.8663101604278" c1x="43" c1y="56" c2x="43" c2y="56"/></points><startConnector><rConnector id="ac"><Owner><atr ref="84"/></Owner></rConnector></startConnector><endConnector><rConnector id="ad"><Owner><ent ref="6f"/></Owner></rConnector></endConnector></lcaf><lcaf id="ae"><points><p colinear="true" x="324.1888111888112" y="844" c1x="43" c1y="56" c2x="43" c2y="56"/><p colinear="true" x="224.6223776223776" y="731" c1x="43" c1y="56" c2x="43" c2y="56"/></points><startConnector><rConnector id="af"><Owner><atrmulti ref="8d"/></Owner></rConnector></startConnector><endConnector><rConnector id="b0"><Owner><ent ref="6f"/></Owner></rConnector></endConnector></lcaf><lcaf id="b1"><points><p colinear="true" x="498.9298245614035" y="815" c1x="43" c1y="56" c2x="43" c2y="56"/><p colinear="true" x="247" y="725.25" c1x="43" c1y="56" c2x="43" c2y="56"/></points><startConnector><rConnector id="b2"><Owner><atrmulti ref="8a"/></Owner></rConnector></startConnector><endConnector><rConnector id="b3"><Owner><ent ref="6f"/></Owner></rConnector></endConnector></lcaf><ent id="b4"><children><r id="b5" x="128" y="187" w="132.6171875" h="40"><a><fillColor><color rgba="#ffebffe8"/></fillColor></a></r><t id="b6" x="138" y="199.7080078125"><a><text><string>actores principales</string></text></a></t></children></ent><atrchave id="b7" nullable="false" attributeType="NUMBER"><children><e id="b8" x="-1" y="202" w="80" h="20"><a><fillColor><color rgba="#ffffebeb"/></fillColor></a></e><t id="b9" x="16.7900390625" y="204.7080078125"><a><fontUnderlined><boolean>true</boolean></fontUnderlined><fontBold><boolean>true</boolean></fontBold><text><string>codigo</string></text></a></t></children></atrchave><atr id="ba" nullable="false" attributeType="VARCHAR2(128)"><children><e id="bb" x="191" y="119" w="80" h="20"><a><fillColor><color rgba="#ffffebeb"/></fillColor></a></e><t id="bc" x="207.8525390625" y="121.7080078125"><a><text><string>nombre</string></text></a></t></children></atr><atr id="bd" nullable="false" attributeType="VARCHAR2(128)"><children><e id="be" x="115" y="20" w="80" h="20"><a><fillColor><color rgba="#ffffebeb"/></fillColor></a></e><t id="bf" x="128.7265625" y="22.7080078125"><a><text><string>nombres</string></text></a></t></children></atr><atr id="c0" nullable="false" attributeType="VARCHAR2(128)"><children><e id="c1" x="249" y="46" w="110.521484375" h="20"><a><fillColor><color rgba="#ffffebeb"/></fillColor></a></e><t id="c2" x="259" y="48.7080078125"><a><text><string>primer apellido</string></text></a></t></children></atr><atr id="c3" nullable="false" attributeType="VARCHAR2(128)"><children><e id="c4" x="410" y="62" w="121.513671875" h="20"><a><fillColor><color rgba="#ffffebeb"/></fillColor></a></e><t id="c5" x="420" y="64.7080078125"><a><text><string>segundo apellido</string></text></a></t></children></atr><atr id="c6" nullable="false" attributeType="VARCHAR2(128)"><children><e id="c7" x="327" y="142" w="80" h="20"><a><fillColor><color rgba="#ffffebeb"/></fillColor></a></e><t id="c8" x="346.1142578125" y="144.7080078125"><a><text><string>genero</string></text></a></t></children></atr><atr id="c9" nullable="false" attributeType="VARCHAR2(128)"><children><e id="ca" x="20" y="112" w="80" h="20"><a><fillColor><color rgba="#ffffebeb"/></fillColor></a></e><t id="cb" x="33.1435546875" y="114.7080078125"><a><text><string>direccion</string></text></a></t></children></atr><atr id="cc" nullable="false" attributeType="VARCHAR2(128)"><children><e id="cd" x="20" y="281" w="122.703125" h="20"><a><fillColor><color rgba="#ffffebeb"/></fillColor></a></e><t id="ce" x="30" y="283.7080078125"><a><text><string>fecha nacimiento</string></text></a></t></children></atr><atrmulti id="cf" nullable="false" attributeType="VARCHAR2(128)"><children><e id="d0" x="462" y="187" w="80" h="20"><a><fillColor><color rgba="#ffffebeb"/></fillColor><strokeType><enum type="strokeType">DOUBLE</enum></strokeType><innerStrokeWidthFactor><double>3</double></innerStrokeWidthFactor></a></e><t id="d1" x="474.525390625" y="189.7080078125"><a><text><string>telefonos</string></text></a></t></children></atrmulti><atrmulti id="d2" nullable="false" attributeType="VARCHAR2(128)"><children><e id="d3" x="164" y="341" w="80" h="20"><a><fillColor><color rgba="#ffffebeb"/></fillColor><strokeType><enum type="strokeType">DOUBLE</enum></strokeType><innerStrokeWidthFactor><double>3</double></innerStrokeWidthFactor></a></e><t id="d4" x="184.5673828125" y="343.7080078125"><a><text><string>emails</string></text></a></t></children></atrmulti><atrderivado id="d5"><children><e id="d6" x="317" y="321" w="80" h="20"><a><fillColor><color rgba="#ffffebeb"/></fillColor><strokeDashes><doubleArray><double>5</double></doubleArray></strokeDashes></a></e><t id="d7" x="342.345703125" y="323.7080078125"><a><text><string>edad</string></text></a></t></children></atrderivado><lcaf id="d8"><points><p colinear="true" x="79" y="210.71224125355266" c1x="3" c1y="-451" c2x="3" c2y="-451"/><p colinear="true" x="128" y="209.13473678915466" c1x="3" c1y="-451" c2x="3" c2y="-451"/></points><startConnector><rConnector id="d9"><Owner><atrchave ref="b7"/></Owner></rConnector></startConnector><endConnector><rConnector id="da"><Owner><ent ref="b4"/></Owner></rConnector></endConnector></lcaf><lcaf id="db"><points><p colinear="true" x="226.29597355769232" y="139" c1x="3" c1y="-451" c2x="3" c2y="-451"/><p colinear="true" x="203.7166466346154" y="187" c1x="3" c1y="-451" c2x="3" c2y="-451"/></points><startConnector><rConnector id="dc"><Owner><atr ref="ba"/></Owner></rConnector></startConnector><endConnector><rConnector id="dd"><Owner><ent ref="b4"/></Owner></rConnector></endConnector></lcaf><lcaf id="de"><points><p colinear="true" x="162.67676767676767" y="40" c1x="3" c1y="-451" c2x="3" c2y="-451"/><p colinear="true" x="223.32323232323233" y="119" c1x="3" c1y="-451" c2x="3" c2y="-451"/></points><startConnector><rConnector id="df"><Owner><atr ref="bd"/></Owner></rConnector></startConnector><endConnector><rConnector id="e0"><Owner><atr ref="ba"/></Owner></rConnector></endConnector></lcaf><lcaf id="e1"><points><p colinear="true" x="241.0357181078767" y="119" c1x="3" c1y="-451" c2x="3" c2y="-451"/><p colinear="true" x="294.22502407962327" y="66" c1x="3" c1y="-451" c2x="3" c2y="-451"/></points><startConnector><rConnector id="e2"><Owner><atr ref="ba"/></Owner></rConnector></startConnector><endConnector><rConnector id="e3"><Owner><atr ref="c0"/></Owner></rConnector></endConnector></lcaf><lcaf id="e4"><points><p colinear="true" x="271" y="119.4903649938292" c1x="3" c1y="-451" c2x="3" c2y="-451"/><p colinear="true" x="428.69423314144734" y="82" c1x="3" c1y="-451" c2x="3" c2y="-451"/></points><startConnector><rConnector id="e5"><Owner><atr ref="ba"/></Owner></rConnector></startConnector><endConnector><rConnector id="e6"><Owner><atr ref="c3"/></Owner></rConnector></endConnector></lcaf><lcaf id="e7"><points><p colinear="true" x="257.10546875" y="187" c1x="3" c1y="-451" c2x="3" c2y="-451"/><p colinear="true" x="335.6015625" y="162" c1x="3" c1y="-451" c2x="3" c2y="-451"/></points><startConnector><rConnector id="e8"><Owner><ent ref="b4"/></Owner></rConnector></startConnector><endConnector><rConnector id="e9"><Owner><atr ref="c6"/></Owner></rConnector></endConnector></lcaf><lcaf id="ea"><points><p colinear="true" x="94.798828125" y="281" c1x="3" c1y="-451" c2x="3" c2y="-451"/><p colinear="true" x="167.4140625" y="227" c1x="3" c1y="-451" c2x="3" c2y="-451"/></points><startConnector><rConnector id="eb"><Owner><atr ref="cc"/></Owner></rConnector></startConnector><endConnector><rConnector id="ec"><Owner><ent ref="b4"/></Owner></rConnector></endConnector></lcaf><lcaf id="ed"><points><p colinear="true" x="343.87972530241933" y="321" c1x="3" c1y="-451" c2x="3" c2y="-451"/><p colinear="true" x="220.54914314516128" y="227" c1x="3" c1y="-451" c2x="3" c2y="-451"/></points><startConnector><rConnector id="ee"><Owner><atrderivado ref="d5"/></Owner></rConnector></startConnector><endConnector><rConnector id="ef"><Owner><ent ref="b4"/></Owner></rConnector></endConnector></lcaf><lcaf id="f0"><points><p colinear="true" x="75.80101102941177" y="132" c1x="3" c1y="-451" c2x="3" c2y="-451"/><p colinear="true" x="162.70657169117644" y="187" c1x="3" c1y="-451" c2x="3" c2y="-451"/></points><startConnector><rConnector id="f1"><Owner><atr ref="c9"/></Owner></rConnector></startConnector><endConnector><rConnector id="f2"><Owner><ent ref="b4"/></Owner></rConnector></endConnector></lcaf><lcaf id="f3"><points><p colinear="true" x="203.32698567708331" y="341" c1x="3" c1y="-451" c2x="3" c2y="-451"/><p colinear="true" x="195.65462239583331" y="227" c1x="3" c1y="-451" c2x="3" c2y="-451"/></points><startConnector><rConnector id="f4"><Owner><atrmulti ref="d2"/></Owner></rConnector></startConnector><endConnector><rConnector id="f5"><Owner><ent ref="b4"/></Owner></rConnector></endConnector></lcaf><lcaf id="f6"><points><p colinear="true" x="462" y="198.3000038086049" c1x="3" c1y="-451" c2x="3" c2y="-451"/><p colinear="true" x="260.6171875" y="204.84496438954412" c1x="3" c1y="-451" c2x="3" c2y="-451"/></points><startConnector><rConnector id="f7"><Owner><atrmulti ref="cf"/></Owner></rConnector></startConnector><endConnector><rConnector id="f8"><Owner><ent ref="b4"/></Owner></rConnector></endConnector></lcaf><rel id="f9"><children><diamond id="fa" x="669" y="729" w="80" h="40"><a><fillColor><color rgba="#ffddddff"/></fillColor></a></diamond><t id="fb" x="692.095703125" y="741.7080078125"><a><text><string>dirige</string></text></a></t></children></rel><llabelDoubleMuitos id="fc"><points><p colinear="true" x="749" y="748.8949867451531" c1x="5.65929999635182" c1y="7" c2x="5.65929999635182" c2y="7"/><p colinear="true" x="1054" y="748.0942606769459" c1x="5.65929999635182" c1y="7" c2x="5.65929999635182" c2y="7"/></points><startConnector><rConnector id="fd"><Owner><rel ref="f9"/></Owner></rConnector></startConnector><endConnector><rConnector id="fe"><Owner><ent ref="15"/></Owner></rConnector></endConnector><a><innerStrokeWidthFactor><double>3</double></innerStrokeWidthFactor><text><string>N</string></text></a></llabelDoubleMuitos><llabelDoubleUm id="ff"><points><p colinear="true" x="669" y="745.9721115537849" c1x="0" c1y="0" c2x="0" c2y="0"/><p colinear="true" x="247" y="714.0278884462151" c1x="0" c1y="0" c2x="0" c2y="0"/></points><startConnector><rConnector id="100"><Owner><rel ref="f9"/></Owner></rConnector></startConnector><endConnector><rConnector id="101"><Owner><ent ref="6f"/></Owner></rConnector></endConnector><a><innerStrokeWidthFactor><double>3</double></innerStrokeWidthFactor></a></llabelDoubleUm><rel id="102"><children><diamond id="103" x="1045" y="405" w="80" h="40"><a><fillColor><color rgba="#ffddddff"/></fillColor></a></diamond><t id="104" x="1056.1279296875" y="417.7080078125"><a><text><string>transmite</string></text></a></t></children></rel><llabelDoubleUm id="105"><points><p colinear="true" x="1085.303671633127" y="445" c1x="0" c1y="0" c2x="0" c2y="0"/><p colinear="true" x="1089.7524610584364" y="738" c1x="0" c1y="0" c2x="0" c2y="0"/></points><startConnector><rConnector id="106"><Owner><rel ref="102"/></Owner></rConnector></startConnector><endConnector><rConnector id="107"><Owner><ent ref="15"/></Owner></rConnector></endConnector><a><innerStrokeWidthFactor><double>3</double></innerStrokeWidthFactor></a></llabelDoubleUm><llabelDoubleMuitos id="108"><points><p colinear="true" x="1063.4186046511627" y="405" c1x="0" c1y="0" c2x="0" c2y="0"/><p colinear="true" x="874.5813953488372" y="230" c1x="0" c1y="0" c2x="0" c2y="0"/></points><startConnector><rConnector id="109"><Owner><rel ref="102"/></Owner></rConnector></startConnector><endConnector><rConnector id="10a"><Owner><ent ref="6"/></Owner></rConnector></endConnector><a><innerStrokeWidthFactor><double>3</double></innerStrokeWidthFactor><text><string>N</string></text></a></llabelDoubleMuitos><rel id="10b"><children><diamond id="10c" x="570" y="387" w="80" h="40"><a><fillColor><color rgba="#ffddddff"/></fillColor></a></diamond><t id="10d" x="589.708984375" y="399.7080078125"><a><text><string>actuan</string></text></a></t></children></rel><relfraco id="10e"><children><diamond id="10f" x="1049" y="188" w="97" h="50"><a><fillColor><color rgba="#ffddddff"/></fillColor><strokeType><enum type="strokeType">DOUBLE</enum></strokeType><innerStrokeWidthFactor><double>3</double></innerStrokeWidthFactor></a></diamond><t id="110" x="1068.2177734375" y="205.7080078125"><a><text><string>programa</string></text></a></t></children></relfraco><atr id="111" nullable="false" attributeType="VARCHAR2(128)"><children><e id="112" x="1206" y="386" w="115.6015625" h="20"><a><fillColor><color rgba="#ffffebeb"/></fillColor></a></e><t id="113" x="1224.3994140625" y="388.7080078125"><a><text><string>horario tarde</string></text></a></t></children></atr><atr id="114" nullable="false" attributeType="VARCHAR2(128)"><children><e id="115" x="1198" y="466" w="115.6015625" h="20"><a><fillColor><color rgba="#ffffebeb"/></fillColor></a></e><t id="116" x="1214.3046875" y="468.7080078125"><a><text><string>horario noche</string></text></a></t></children></atr><lcaf id="117"><points><p colinear="true" x="1125" y="418.5123325978197" c1x="0" c1y="0" c2x="0" c2y="0"/><p colinear="true" x="1206" y="405.3748061084045" c1x="0" c1y="0" c2x="0" c2y="0"/></points><startConnector><rConnector id="118"><Owner><rel ref="102"/></Owner></rConnector></startConnector><endConnector><rConnector id="119"><Owner><atr ref="111"/></Owner></rConnector></endConnector></lcaf><lcaf id="11a"><points><p colinear="true" x="1125" y="436.9437392795883" c1x="0" c1y="0" c2x="0" c2y="0"/><p colinear="true" x="1222.3104319852941" y="466" c1x="0" c1y="0" c2x="0" c2y="0"/></points><startConnector><rConnector id="11b"><Owner><rel ref="102"/></Owner></rConnector></startConnector><endConnector><rConnector id="11c"><Owner><atr ref="114"/></Owner></rConnector></endConnector></lcaf><llabelMuitos id="11d"><points><p colinear="true" x="570" y="387.75495456552994" c1x="0" c1y="0" c2x="0" c2y="0"/><p colinear="true" x="235.877734375" y="227" c1x="0" c1y="0" c2x="0" c2y="0"/></points><startConnector><rConnector id="11e"><Owner><rel ref="10b"/></Owner></rConnector></startConnector><endConnector><rConnector id="11f"><Owner><ent ref="b4"/></Owner></rConnector></endConnector><a><text><string>N</string></text></a></llabelMuitos><llabelDoubleMuitos id="120"><points><p colinear="true" x="638.1468795821114" y="427" c1x="0" c1y="0" c2x="0" c2y="0"/><p colinear="true" x="1075.8308570839442" y="738" c1x="0" c1y="0" c2x="0" c2y="0"/></points><startConnector><rConnector id="121"><Owner><rel ref="10b"/></Owner></rConnector></startConnector><endConnector><rConnector id="122"><Owner><ent ref="15"/></Owner></rConnector></endConnector><a><innerStrokeWidthFactor><double>3</double></innerStrokeWidthFactor><text><string>M</string></text></a></llabelDoubleMuitos><llabelDoubleMuitos id="123"><points><p colinear="true" x="1146" y="215.702359291281" c1x="0" c1y="0" c2x="0" c2y="0"/><p colinear="true" x="1344.6564867424242" y="226.7712500690466" c1x="0" c1y="0" c2x="0" c2y="0"/></points><startConnector><rConnector id="124"><Owner><relfraco ref="10e"/></Owner></rConnector></startConnector><endConnector><rConnector id="125"><Owner><ent ref="48"/></Owner></rConnector></endConnector><a><innerStrokeWidthFactor><double>3</double></innerStrokeWidthFactor><text><string>M</string></text></a></llabelDoubleMuitos><llabelUm id="126"><points><p colinear="true" x="1049" y="212.4049079754601" c1x="0" c1y="0" c2x="0" c2y="0"/><p colinear="true" x="893" y="210.49079754601226" c1x="0" c1y="0" c2x="0" c2y="0"/></points><startConnector><rConnector id="127"><Owner><relfraco ref="10e"/></Owner></rConnector></startConnector><endConnector><rConnector id="128"><Owner><ent ref="6"/></Owner></rConnector></endConnector></llabelUm></figures></drawing>