<drawing><figures><ent id="0"><children><r id="1" x="145" y="188" w="80" h="40"><a><fillColor><color rgba="#ffebffe8"/></fillColor></a></r><t id="2" x="152.48046875" y="200.7080078125"><a><text><string>veterinario</string></text></a></t></children></ent><atrchave id="3" nullable="false" attributeType="NUMBER"><children><e id="4" x="9" y="143" w="80" h="20"><a><fillColor><color rgba="#ffffebeb"/></fillColor></a></e><t id="5" x="26.7900390625" y="145.7080078125"><a><fontUnderlined><boolean>true</boolean></fontUnderlined><fontBold><boolean>true</boolean></fontBold><text><string>codigo</string></text></a></t></children></atrchave><atr id="6" nullable="false" attributeType="VARCHAR2(128)"><children><e id="7" x="141" y="132" w="80" h="20"><a><fillColor><color rgba="#ffffebeb"/></fillColor></a></e><t id="8" x="157.8525390625" y="134.7080078125"><a><text><string>nombre</string></text></a></t></children></atr><atr id="9" nullable="false" attributeType="VARCHAR2(128)"><children><e id="a" x="42" y="46" w="80" h="20"><a><fillColor><color rgba="#ffffebeb"/></fillColor></a></e><t id="b" x="55.7265625" y="48.7080078125"><a><text><string>nombres</string></text></a></t></children></atr><atr id="c" nullable="false" attributeType="VARCHAR2(128)"><children><e id="d" x="152" y="36" w="110.521484375" h="20"><a><fillColor><color rgba="#ffffebeb"/></fillColor></a></e><t id="e" x="162" y="38.7080078125"><a><text><string>primer apellido</string></text></a></t></children></atr><atr id="f" nullable="false" attributeType="VARCHAR2(128)"><children><e id="10" x="264" y="61" w="121.513671875" h="20"><a><fillColor><color rgba="#ffffebeb"/></fillColor></a></e><t id="11" x="274" y="63.7080078125"><a><text><string>segundo apellido</string></text></a></t></children></atr><atr id="12" nullable="false" attributeType="VARCHAR2(128)"><children><e id="13" x="319" y="167" w="80" h="20"><a><fillColor><color rgba="#ffffebeb"/></fillColor></a></e><t id="14" x="338.1142578125" y="169.7080078125"><a><text><string>genero</string></text></a></t></children></atr><atr id="15" nullable="false" attributeType="VARCHAR2(128)"><children><e id="16" x="31" y="273" w="80" h="20"><a><fillColor><color rgba="#ffffebeb"/></fillColor></a></e><t id="17" x="33.412109375" y="275.7080078125"><a><text><string>nacionalidad</string></text></a></t></children></atr><atrmulti id="18" nullable="false" attributeType="VARCHAR2(128)"><children><e id="19" x="352" y="236" w="80" h="20"><a><fillColor><color rgba="#ffffebeb"/></fillColor><strokeType><enum type="strokeType">DOUBLE</enum></strokeType><innerStrokeWidthFactor><double>3</double></innerStrokeWidthFactor></a></e><t id="1a" x="364.525390625" y="238.7080078125"><a><text><string>telefonos</string></text></a></t></children></atrmulti><atr id="1b" nullable="false" attributeType="VARCHAR2(128)"><children><e id="1c" x="66" y="371" w="80" h="20"><a><fillColor><color rgba="#ffffebeb"/></fillColor></a></e><t id="1d" x="79.1435546875" y="373.7080078125"><a><text><string>direccion</string></text></a></t></children></atr><lcaf id="1e"><points><p colinear="true" x="93.51162790697674" y="66" c1x="0" c1y="0" c2x="0" c2y="0"/><p colinear="true" x="169.48837209302326" y="132" c1x="0" c1y="0" c2x="0" c2y="0"/></points><startConnector><rConnector id="1f"><Owner><atr ref="9"/></Owner></rConnector></startConnector><endConnector><rConnector id="20"><Owner><atr ref="6"/></Owner></rConnector></endConnector></lcaf><lcaf id="21"><points><p colinear="true" x="204.5252482096354" y="56" c1x="0" c1y="0" c2x="0" c2y="0"/><p colinear="true" x="183.73549397786456" y="132" c1x="0" c1y="0" c2x="0" c2y="0"/></points><startConnector><rConnector id="22"><Owner><atr ref="c"/></Owner></rConnector></startConnector><endConnector><rConnector id="23"><Owner><atr ref="6"/></Owner></rConnector></endConnector></lcaf><lcaf id="24"><points><p colinear="true" x="304.50939425616195" y="81" c1x="0" c1y="0" c2x="0" c2y="0"/><p colinear="true" x="201.24744168133805" y="132" c1x="0" c1y="0" c2x="0" c2y="0"/></points><startConnector><rConnector id="25"><Owner><atr ref="f"/></Owner></rConnector></startConnector><endConnector><rConnector id="26"><Owner><atr ref="6"/></Owner></rConnector></endConnector></lcaf><lcaf id="27"><points><p colinear="true" x="181.60606060606062" y="152" c1x="0" c1y="0" c2x="0" c2y="0"/><p colinear="true" x="183.78787878787878" y="188" c1x="0" c1y="0" c2x="0" c2y="0"/></points><startConnector><rConnector id="28"><Owner><atr ref="6"/></Owner></rConnector></startConnector><endConnector><rConnector id="29"><Owner><ent ref="0"/></Owner></rConnector></endConnector></lcaf><lcaf id="2a"><points><p colinear="true" x="73.72727272727272" y="163" c1x="0" c1y="0" c2x="0" c2y="0"/><p colinear="true" x="145" y="191.8235294117647" c1x="0" c1y="0" c2x="0" c2y="0"/></points><startConnector><rConnector id="2b"><Owner><atrchave ref="3"/></Owner></rConnector></startConnector><endConnector><rConnector id="2c"><Owner><ent ref="0"/></Owner></rConnector></endConnector></lcaf><lcaf id="2d"><points><p colinear="true" x="319" y="184.1264367816092" c1x="0" c1y="0" c2x="0" c2y="0"/><p colinear="true" x="225" y="200.8735632183908" c1x="0" c1y="0" c2x="0" c2y="0"/></points><startConnector><rConnector id="2e"><Owner><atr ref="12"/></Owner></rConnector></startConnector><endConnector><rConnector id="2f"><Owner><ent ref="0"/></Owner></rConnector></endConnector></lcaf><lcaf id="30"><points><p colinear="true" x="86.19999999999999" y="273" c1x="0" c1y="0" c2x="0" c2y="0"/><p colinear="true" x="154.6" y="228" c1x="0" c1y="0" c2x="0" c2y="0"/></points><startConnector><rConnector id="31"><Owner><atr ref="15"/></Owner></rConnector></startConnector><endConnector><rConnector id="32"><Owner><ent ref="0"/></Owner></rConnector></endConnector></lcaf><lcaf id="33"><points><p colinear="true" x="352" y="238.65700483091788" c1x="0" c1y="0" c2x="0" c2y="0"/><p colinear="true" x="225" y="215.34299516908212" c1x="0" c1y="0" c2x="0" c2y="0"/></points><startConnector><rConnector id="34"><Owner><atrmulti ref="18"/></Owner></rConnector></startConnector><endConnector><rConnector id="35"><Owner><ent ref="0"/></Owner></rConnector></endConnector></lcaf><lcaf id="36"><points><p colinear="true" x="110.5664739884393" y="371" c1x="0" c1y="0" c2x="0" c2y="0"/><p colinear="true" x="175.86705202312137" y="228" c1x="0" c1y="0" c2x="0" c2y="0"/></points><startConnector><rConnector id="37"><Owner><atr ref="1b"/></Owner></rConnector></startConnector><endConnector><rConnector id="38"><Owner><ent ref="0"/></Owner></rConnector></endConnector></lcaf><ent id="39"><children><r id="3a" x="1123" y="190" w="80" h="40"><a><fillColor><color rgba="#ffebffe8"/></fillColor></a></r><t id="3b" x="1143.271484375" y="202.7080078125"><a><text><string>cliente</string></text></a></t></children></ent><atrchave id="3c" nullable="false" attributeType="NUMBER"><children><e id="3d" x="924" y="80" w="80" h="20"><a><fillColor><color rgba="#ffffebeb"/></fillColor></a></e><t id="3e" x="941.7900390625" y="82.7080078125"><a><fontUnderlined><boolean>true</boolean></fontUnderlined><fontBold><boolean>true</boolean></fontBold><text><string>codigo</string></text></a></t></children></atrchave><atr id="3f" nullable="false" attributeType="VARCHAR2(128)"><children><e id="40" x="1119" y="134" w="80" h="20"><a><fillColor><color rgba="#ffffebeb"/></fillColor></a></e><t id="41" x="1135.8525390625" y="136.7080078125"><a><text><string>nombre</string></text></a></t></children></atr><atr id="42" nullable="false" attributeType="VARCHAR2(128)"><children><e id="43" x="1020" y="48" w="80" h="20"><a><fillColor><color rgba="#ffffebeb"/></fillColor></a></e><t id="44" x="1033.7265625" y="50.7080078125"><a><text><string>nombres</string></text></a></t></children></atr><atr id="45" nullable="false" attributeType="VARCHAR2(128)"><children><e id="46" x="1130" y="38" w="110.521484375" h="20"><a><fillColor><color rgba="#ffffebeb"/></fillColor></a></e><t id="47" x="1140" y="40.7080078125"><a><text><string>primer apellido</string></text></a></t></children></atr><atr id="48" nullable="false" attributeType="VARCHAR2(128)"><children><e id="49" x="1242" y="63" w="121.513671875" h="20"><a><fillColor><color rgba="#ffffebeb"/></fillColor></a></e><t id="4a" x="1252" y="65.7080078125"><a><text><string>segundo apellido</string></text></a></t></children></atr><atr id="4b" nullable="false" attributeType="VARCHAR2(128)"><children><e id="4c" x="1297" y="169" w="80" h="20"><a><fillColor><color rgba="#ffffebeb"/></fillColor></a></e><t id="4d" x="1316.1142578125" y="171.7080078125"><a><text><string>genero</string></text></a></t></children></atr><atr id="4e" nullable="false" attributeType="VARCHAR2(128)"><children><e id="4f" x="835" y="135" w="122.703125" h="20"><a><fillColor><color rgba="#ffffebeb"/></fillColor></a></e><t id="50" x="845" y="137.7080078125"><a><text><string>fecha nacimiento</string></text></a></t></children></atr><atr id="51" nullable="false" attributeType="VARCHAR2(128)"><children><e id="52" x="1318" y="247" w="80" h="20"><a><fillColor><color rgba="#ffffebeb"/></fillColor></a></e><t id="53" x="1331.1435546875" y="249.7080078125"><a><text><string>direccion</string></text></a></t></children></atr><lcaf id="54"><points><p colinear="true" x="1071.5116279069766" y="68" c1x="978" c1y="2" c2x="978" c2y="2"/><p colinear="true" x="1147.4883720930231" y="134" c1x="978" c1y="2" c2x="978" c2y="2"/></points><startConnector><rConnector id="55"><Owner><atr ref="42"/></Owner></rConnector></startConnector><endConnector><rConnector id="56"><Owner><atr ref="3f"/></Owner></rConnector></endConnector></lcaf><lcaf id="57"><points><p colinear="true" x="1182.5252482096355" y="58" c1x="978" c1y="2" c2x="978" c2y="2"/><p colinear="true" x="1161.7354939778645" y="134" c1x="978" c1y="2" c2x="978" c2y="2"/></points><startConnector><rConnector id="58"><Owner><atr ref="45"/></Owner></rConnector></startConnector><endConnector><rConnector id="59"><Owner><atr ref="3f"/></Owner></rConnector></endConnector></lcaf><lcaf id="5a"><points><p colinear="true" x="1282.509394256162" y="83" c1x="978" c1y="2" c2x="978" c2y="2"/><p colinear="true" x="1179.247441681338" y="134" c1x="978" c1y="2" c2x="978" c2y="2"/></points><startConnector><rConnector id="5b"><Owner><atr ref="48"/></Owner></rConnector></startConnector><endConnector><rConnector id="5c"><Owner><atr ref="3f"/></Owner></rConnector></endConnector></lcaf><lcaf id="5d"><points><p colinear="true" x="1159.6060606060605" y="154" c1x="978" c1y="2" c2x="978" c2y="2"/><p colinear="true" x="1161.7878787878788" y="190" c1x="978" c1y="2" c2x="978" c2y="2"/></points><startConnector><rConnector id="5e"><Owner><atr ref="3f"/></Owner></rConnector></startConnector><endConnector><rConnector id="5f"><Owner><ent ref="39"/></Owner></rConnector></endConnector></lcaf><lcaf id="60"><points><p colinear="true" x="980.5833333333334" y="100" c1x="978" c1y="2" c2x="978" c2y="2"/><p colinear="true" x="1129.8333333333333" y="190" c1x="978" c1y="2" c2x="978" c2y="2"/></points><startConnector><rConnector id="61"><Owner><atrchave ref="3c"/></Owner></rConnector></startConnector><endConnector><rConnector id="62"><Owner><ent ref="39"/></Owner></rConnector></endConnector></lcaf><lcaf id="63"><points><p colinear="true" x="1297" y="186.1264367816092" c1x="978" c1y="2" c2x="978" c2y="2"/><p colinear="true" x="1203" y="202.8735632183908" c1x="978" c1y="2" c2x="978" c2y="2"/></points><startConnector><rConnector id="64"><Owner><atr ref="4b"/></Owner></rConnector></startConnector><endConnector><rConnector id="65"><Owner><ent ref="39"/></Owner></rConnector></endConnector></lcaf><lcaf id="66"><points><p colinear="true" x="937.3743990384615" y="155" c1x="978" c1y="2" c2x="978" c2y="2"/><p colinear="true" x="1123" y="200.24933345052884" c1x="978" c1y="2" c2x="978" c2y="2"/></points><startConnector><rConnector id="67"><Owner><atr ref="4e"/></Owner></rConnector></startConnector><endConnector><rConnector id="68"><Owner><ent ref="39"/></Owner></rConnector></endConnector></lcaf><lcaf id="69"><points><p colinear="true" x="1318" y="247.35897435897436" c1x="978" c1y="2" c2x="978" c2y="2"/><p colinear="true" x="1203" y="219.64102564102564" c1x="978" c1y="2" c2x="978" c2y="2"/></points><startConnector><rConnector id="6a"><Owner><atr ref="51"/></Owner></rConnector></startConnector><endConnector><rConnector id="6b"><Owner><ent ref="39"/></Owner></rConnector></endConnector></lcaf><atrderivado id="6c"><children><e id="6d" x="1072" y="340" w="80" h="20"><a><fillColor><color rgba="#ffffebeb"/></fillColor><strokeDashes><doubleArray><double>5</double></doubleArray></strokeDashes></a></e><t id="6e" x="1097.345703125" y="342.7080078125"><a><text><string>edad</string></text></a></t></children></atrderivado><atrmulti id="6f" nullable="false" attributeType="VARCHAR2(128)"><children><e id="70" x="1214" y="352" w="80" h="20"><a><fillColor><color rgba="#ffffebeb"/></fillColor><strokeType><enum type="strokeType">DOUBLE</enum></strokeType><innerStrokeWidthFactor><double>3</double></innerStrokeWidthFactor></a></e><t id="71" x="1234.5673828125" y="354.7080078125"><a><text><string>emails</string></text></a></t></children></atrmulti><atrmulti id="72" nullable="false" attributeType="VARCHAR2(128)"><children><e id="73" x="1368" y="354" w="80" h="20"><a><fillColor><color rgba="#ffffebeb"/></fillColor><strokeType><enum type="strokeType">DOUBLE</enum></strokeType><innerStrokeWidthFactor><double>3</double></innerStrokeWidthFactor></a></e><t id="74" x="1380.525390625" y="356.7080078125"><a><text><string>telefonos</string></text></a></t></children></atrmulti><lcaf id="75"><points><p colinear="true" x="1155.7142857142858" y="230" c1x="444" c1y="3" c2x="444" c2y="3"/><p colinear="true" x="1115.642857142857" y="340" c1x="444" c1y="3" c2x="444" c2y="3"/></points><startConnector><rConnector id="76"><Owner><ent ref="39"/></Owner></rConnector></startConnector><endConnector><rConnector id="77"><Owner><atrderivado ref="6c"/></Owner></rConnector></endConnector></lcaf><lcaf id="78"><points><p colinear="true" x="1174.9736842105262" y="230" c1x="444" c1y="3" c2x="444" c2y="3"/><p colinear="true" x="1248.0131578947369" y="352" c1x="444" c1y="3" c2x="444" c2y="3"/></points><startConnector><rConnector id="79"><Owner><ent ref="39"/></Owner></rConnector></startConnector><endConnector><rConnector id="7a"><Owner><atrmulti ref="6f"/></Owner></rConnector></endConnector></lcaf><lcaf id="7b"><points><p colinear="true" x="1194.8181818181818" y="230" c1x="444" c1y="3" c2x="444" c2y="3"/><p colinear="true" x="1392.090909090909" y="354" c1x="444" c1y="3" c2x="444" c2y="3"/></points><startConnector><rConnector id="7c"><Owner><ent ref="39"/></Owner></rConnector></startConnector><endConnector><rConnector id="7d"><Owner><atrmulti ref="72"/></Owner></rConnector></endConnector></lcaf><ent id="7e"><children><r id="7f" x="145" y="610" w="80" h="40"><a><fillColor><color rgba="#ffebffe8"/></fillColor></a></r><t id="80" x="159.69921875" y="622.7080078125"><a><text><string>mascota</string></text></a></t></children></ent><atrchave id="81" nullable="false" attributeType="NUMBER"><children><e id="82" x="13" y="630" w="80" h="20"><a><fillColor><color rgba="#ffffebeb"/></fillColor></a></e><t id="83" x="46.75390625" y="632.7080078125"><a><fontUnderlined><boolean>true</boolean></fontUnderlined><fontBold><boolean>true</boolean></fontBold><text><string>id</string></text></a></t></children></atrchave><atr id="84" nullable="false" attributeType="VARCHAR2(128)"><children><e id="85" x="29" y="747" w="80" h="20"><a><fillColor><color rgba="#ffffebeb"/></fillColor></a></e><t id="86" x="45.8525390625" y="749.7080078125"><a><text><string>nombre</string></text></a></t></children></atr><atr id="87" nullable="false" attributeType="VARCHAR2(128)"><children><e id="88" x="236" y="757" w="80" h="20"><a><fillColor><color rgba="#ffffebeb"/></fillColor></a></e><t id="89" x="263.080078125" y="759.7080078125"><a><text><string>raza</string></text></a></t></children></atr><atrmulti id="8a" nullable="false" attributeType="VARCHAR2(128)"><children><e id="8b" x="118" y="761" w="80" h="20"><a><fillColor><color rgba="#ffffebeb"/></fillColor><strokeType><enum type="strokeType">DOUBLE</enum></strokeType><innerStrokeWidthFactor><double>3</double></innerStrokeWidthFactor></a></e><t id="8c" x="133.396484375" y="763.7080078125"><a><text><string>vacunas</string></text></a></t></children></atrmulti><lcaf id="8d"><points><p colinear="true" x="93" y="636.969696969697" c1x="-5" c1y="47" c2x="-5" c2y="47"/><p colinear="true" x="145" y="633.030303030303" c1x="-5" c1y="47" c2x="-5" c2y="47"/></points><startConnector><rConnector id="8e"><Owner><atrchave ref="81"/></Owner></rConnector></startConnector><endConnector><rConnector id="8f"><Owner><ent ref="7e"/></Owner></rConnector></endConnector></lcaf><lcaf id="90"><points><p colinear="true" x="78.13385826771653" y="747" c1x="-5" c1y="47" c2x="-5" c2y="47"/><p colinear="true" x="166.73228346456693" y="650" c1x="-5" c1y="47" c2x="-5" c2y="47"/></points><startConnector><rConnector id="91"><Owner><atr ref="84"/></Owner></rConnector></startConnector><endConnector><rConnector id="92"><Owner><ent ref="7e"/></Owner></rConnector></endConnector></lcaf><lcaf id="93"><points><p colinear="true" x="269.35766423357666" y="757" c1x="-5" c1y="47" c2x="-5" c2y="47"/><p colinear="true" x="198.28467153284672" y="650" c1x="-5" c1y="47" c2x="-5" c2y="47"/></points><startConnector><rConnector id="94"><Owner><atr ref="87"/></Owner></rConnector></startConnector><endConnector><rConnector id="95"><Owner><ent ref="7e"/></Owner></rConnector></endConnector></lcaf><lcaf id="96"><points><p colinear="true" x="159.91489361702128" y="761" c1x="-5" c1y="47" c2x="-5" c2y="47"/><p colinear="true" x="181.17021276595744" y="650" c1x="-5" c1y="47" c2x="-5" c2y="47"/></points><startConnector><rConnector id="97"><Owner><atrmulti ref="8a"/></Owner></rConnector></startConnector><endConnector><rConnector id="98"><Owner><ent ref="7e"/></Owner></rConnector></endConnector></lcaf><ent id="99"><children><r id="9a" x="619.0128365175858" y="641" w="80" h="40"><a><fillColor><color rgba="#ffebffe8"/></fillColor></a></r><t id="9b" x="633.9112740175858" y="653.7080078125"><a><text><string>consulta</string></text></a></t></children></ent><atrchave id="9c" nullable="false" attributeType="NUMBER"><children><e id="9d" x="490" y="765" w="117.3828125" h="20"><a><fillColor><color rgba="#ffffebeb"/></fillColor></a></e><t id="9e" x="500" y="767.7080078125"><a><fontUnderlined><boolean>true</boolean></fontUnderlined><fontBold><boolean>true</boolean></fontBold><text><string>n&#xba; de consulta</string></text></a></t></children></atrchave><atr id="9f" nullable="false" attributeType="VARCHAR2(128)"><children><e id="a0" x="652" y="518" w="80" h="20"><a><fillColor><color rgba="#ffffebeb"/></fillColor></a></e><t id="a1" x="676.2880859375" y="520.7080078125"><a><text><string>hora </string></text></a></t></children></atr><atr id="a2" nullable="false" attributeType="VARCHAR2(128)"><children><e id="a3" x="749" y="606" w="80" h="20"><a><fillColor><color rgba="#ffffebeb"/></fillColor></a></e><t id="a4" x="780.01171875" y="608.7080078125"><a><text><string>dia</string></text></a></t></children></atr><lcaf id="a5"><points><p colinear="true" x="558.3687246945251" y="765" c1x="-3.7064463132633136" c1y="1" c2x="-3.7064463132633136" c2y="1"/><p colinear="true" x="639.6581996285356" y="681" c1x="-3.7064463132633136" c1y="1" c2x="-3.7064463132633136" c2y="1"/></points><startConnector><rConnector id="a6"><Owner><atrchave ref="9c"/></Owner></rConnector></startConnector><endConnector><rConnector id="a7"><Owner><ent ref="99"/></Owner></rConnector></endConnector></lcaf><lcaf id="a8"><points><p colinear="true" x="689.5197621441794" y="538" c1x="-3.7064463132633136" c1y="1" c2x="-3.7064463132633136" c2y="1"/><p colinear="true" x="663.9733122292271" y="641" c1x="-3.7064463132633136" c1y="1" c2x="-3.7064463132633136" c2y="1"/></points><startConnector><rConnector id="a9"><Owner><atr ref="9f"/></Owner></rConnector></startConnector><endConnector><rConnector id="aa"><Owner><ent ref="99"/></Owner></rConnector></endConnector></lcaf><lcaf id="ab"><points><p colinear="true" x="760.1139636705747" y="626" c1x="-3.7064463132633136" c1y="1" c2x="-3.7064463132633136" c2y="1"/><p colinear="true" x="699.0128365175858" y="647.1524788157753" c1x="-3.7064463132633136" c1y="1" c2x="-3.7064463132633136" c2y="1"/></points><startConnector><rConnector id="ac"><Owner><atr ref="a2"/></Owner></rConnector></startConnector><endConnector><rConnector id="ad"><Owner><ent ref="99"/></Owner></rConnector></endConnector></lcaf><ent id="ae"><children><r id="af" x="1344" y="684" w="114.875" h="40"><a><fillColor><color rgba="#ffebffe8"/></fillColor></a></r><t id="b0" x="1357.57421875" y="696.7080078125"><a><text><string>medicamentos</string></text></a></t></children></ent><atrchave id="b1" nullable="false" attributeType="NUMBER"><children><e id="b2" x="1433" y="782" w="80" h="20"><a><fillColor><color rgba="#ffffebeb"/></fillColor></a></e><t id="b3" x="1466.75390625" y="784.7080078125"><a><fontUnderlined><boolean>true</boolean></fontUnderlined><fontBold><boolean>true</boolean></fontBold><text><string>id</string></text></a></t></children></atrchave><atr id="b4" nullable="false" attributeType="VARCHAR2(128)"><children><e id="b5" x="1516" y="690" w="80" h="20"><a><fillColor><color rgba="#ffffebeb"/></fillColor></a></e><t id="b6" x="1532.8525390625" y="692.7080078125"><a><text><string>nombre</string></text></a></t></children></atr><atr id="b7" nullable="false" attributeType="VARCHAR2(128)"><children><e id="b8" x="1323" y="564" w="80" h="20"><a><fillColor><color rgba="#ffffebeb"/></fillColor></a></e><t id="b9" x="1347.7216796875" y="566.7080078125"><a><text><string>dosis</string></text></a></t></children></atr><atr id="ba" nullable="false" attributeType="VARCHAR2(128)"><children><e id="bb" x="1466" y="603" w="129.74609375" h="20"><a><fillColor><color rgba="#ffffebeb"/></fillColor></a></e><t id="bc" x="1476" y="605.7080078125"><a><text><string>fecha vencimiento</string></text></a></t></children></atr><atr id="bd" nullable="false" attributeType="VARCHAR2(128)"><children><e id="be" x="1235" y="788" w="80" h="20"><a><fillColor><color rgba="#ffffebeb"/></fillColor></a></e><t id="bf" x="1253.484375" y="790.7080078125"><a><text><string>efectos</string></text></a></t></children></atr><lcaf id="c0"><points><p colinear="true" x="1516" y="701.0351799433886" c1x="828" c1y="1" c2x="828" c2y="1"/><p colinear="true" x="1458.875" y="702.5135463000404" c1x="828" c1y="1" c2x="828" c2y="1"/></points><startConnector><rConnector id="c1"><Owner><atr ref="b4"/></Owner></rConnector></startConnector><endConnector><rConnector id="c2"><Owner><ent ref="ae"/></Owner></rConnector></endConnector></lcaf><lcaf id="c3"><points><p colinear="true" x="1365.9567307692307" y="584" c1x="828" c1y="1" c2x="828" c2y="1"/><p colinear="true" x="1395.5240384615386" y="684" c1x="828" c1y="1" c2x="828" c2y="1"/></points><startConnector><rConnector id="c4"><Owner><atr ref="b7"/></Owner></rConnector></startConnector><endConnector><rConnector id="c5"><Owner><ent ref="ae"/></Owner></rConnector></endConnector></lcaf><lcaf id="c6"><points><p colinear="true" x="1464.8678977272727" y="782" c1x="828" c1y="1" c2x="828" c2y="1"/><p colinear="true" x="1417.7017045454545" y="724" c1x="828" c1y="1" c2x="828" c2y="1"/></points><startConnector><rConnector id="c7"><Owner><atrchave ref="b1"/></Owner></rConnector></startConnector><endConnector><rConnector id="c8"><Owner><ent ref="ae"/></Owner></rConnector></endConnector></lcaf><lcaf id="c9"><points><p colinear="true" x="1288.4507978723404" y="788" c1x="828" c1y="1" c2x="828" c2y="1"/><p colinear="true" x="1374.535904255319" y="724" c1x="828" c1y="1" c2x="828" c2y="1"/></points><startConnector><rConnector id="ca"><Owner><atr ref="bd"/></Owner></rConnector></startConnector><endConnector><rConnector id="cb"><Owner><ent ref="ae"/></Owner></rConnector></endConnector></lcaf><lcaf id="cc"><points><p colinear="true" x="1516.6493604052198" y="623" c1x="828" c1y="1" c2x="828" c2y="1"/><p colinear="true" x="1429.8848729395604" y="684" c1x="828" c1y="1" c2x="828" c2y="1"/></points><startConnector><rConnector id="cd"><Owner><atr ref="ba"/></Owner></rConnector></startConnector><endConnector><rConnector id="ce"><Owner><ent ref="ae"/></Owner></rConnector></endConnector></lcaf><atr id="cf" nullable="false" attributeType="VARCHAR2(128)"><children><e id="d0" x="983" y="829" w="85" h="27"><a><fillColor><color rgba="#ffffebeb"/></fillColor></a></e><t id="d1" x="991.4365234375" y="835.2080078125"><a><text><string>suministrar</string></text></a></t></children></atr><atr id="d2" nullable="false" attributeType="VARCHAR2(128)"><children><e id="d3" x="833" y="825" w="105" h="27"><a><fillColor><color rgba="#ffffebeb"/></fillColor></a></e><t id="d4" x="843.4912109375" y="831.2080078125"><a><text><string>suministrados</string></text></a></t></children></atr><lcaf id="d5"><points><p colinear="true" x="952.6813953488372" y="760" c1x="-0.7517985611510767" c1y="0" c2x="-0.7517985611510767" c2y="0"/><p colinear="true" x="897.053488372093" y="825" c1x="-0.7517985611510767" c1y="0" c2x="-0.7517985611510767" c2y="0"/></points><startConnector><rConnector id="d6"><Owner><rel id="d7"><children><diamond id="d8" x="926" y="702" w="103" h="58"><a><fillColor><color rgba="#ffddddff"/></fillColor></a></diamond><t id="d9" x="939.595703125" y="723.7080078125"><a><text><string>generar lista</string></text></a></t></children></rel></Owner></rConnector></startConnector><endConnector><rConnector id="da"><Owner><atr ref="d2"/></Owner></rConnector></endConnector></lcaf><lcaf id="db"><points><p colinear="true" x="989.9843049327354" y="760" c1x="0" c1y="0" c2x="0" c2y="0"/><p colinear="true" x="1019.6883408071749" y="829" c1x="0" c1y="0" c2x="0" c2y="0"/></points><startConnector><rConnector id="dc"><Owner><rel ref="d7"/></Owner></rConnector></startConnector><endConnector><rConnector id="dd"><Owner><atr ref="cf"/></Owner></rConnector></endConnector></lcaf><llabelDoubleMuitos id="de"><points><p colinear="true" x="1029" y="727.7200353825741" c1x="0" c1y="0" c2x="0" c2y="0"/><p colinear="true" x="1344" y="707.6581158779301" c1x="0" c1y="0" c2x="0" c2y="0"/></points><startConnector><rConnector id="df"><Owner><rel ref="d7"/></Owner></rConnector></startConnector><endConnector><rConnector id="e0"><Owner><ent ref="ae"/></Owner></rConnector></endConnector><a><innerStrokeWidthFactor><double>3</double></innerStrokeWidthFactor><text><string>N</string></text></a></llabelDoubleMuitos><llabelDoubleUm id="e1"><points><p colinear="true" x="926" y="719.6808624856899" c1x="0" c1y="0" c2x="0" c2y="0"/><p colinear="true" x="699.0128365175858" y="669.7915631179108" c1x="0" c1y="0" c2x="0" c2y="0"/></points><startConnector><rConnector id="e2"><Owner><rel ref="d7"/></Owner></rConnector></startConnector><endConnector><rConnector id="e3"><Owner><ent ref="99"/></Owner></rConnector></endConnector><a><innerStrokeWidthFactor><double>3</double></innerStrokeWidthFactor></a></llabelDoubleUm><rel id="e4"><children><diamond id="e5" x="153" y="414" w="80" h="40"><a><fillColor><color rgba="#ffddddff"/></fillColor></a></diamond><t id="e6" x="170.7021484375" y="426.7080078125"><a><text><string>atiende</string></text></a></t></children></rel><rel ref="d7"/><rel id="e7"><children><diamond id="e8" x="839" y="408" w="80" h="40"><a><fillColor><color rgba="#ffddddff"/></fillColor></a></diamond><t id="e9" x="856.4501953125" y="420.7080078125"><a><text><string>reserva</string></text></a></t></children></rel><llabelMuitos id="ea"><points><p colinear="true" x="860.1169816753293" y="448" c1x="0" c1y="0" c2x="0" c2y="0"/><p colinear="true" x="677.8958548422565" y="641" c1x="0" c1y="0" c2x="0" c2y="0"/></points><startConnector><rConnector id="eb"><Owner><rel ref="e7"/></Owner></rConnector></startConnector><endConnector><rConnector id="ec"><Owner><ent ref="99"/></Owner></rConnector></endConnector><a><text><string>N</string></text></a></llabelMuitos><llabelDoubleUm id="ed"><points><p colinear="true" x="905.0550458715596" y="408" c1x="0" c1y="0" c2x="0" c2y="0"/><p colinear="true" x="1136.9449541284403" y="230" c1x="0" c1y="0" c2x="0" c2y="0"/></points><startConnector><rConnector id="ee"><Owner><rel ref="e7"/></Owner></rConnector></startConnector><endConnector><rConnector id="ef"><Owner><ent ref="39"/></Owner></rConnector></endConnector><a><innerStrokeWidthFactor><double>3</double></innerStrokeWidthFactor></a></llabelDoubleUm><llabelUm id="f0"><points><p colinear="true" x="192.18367346938777" y="454" c1x="0" c1y="0" c2x="0" c2y="0"/><p colinear="true" x="185.81632653061223" y="610" c1x="0" c1y="0" c2x="0" c2y="0"/></points><startConnector><rConnector id="f1"><Owner><rel ref="e4"/></Owner></rConnector></startConnector><endConnector><rConnector id="f2"><Owner><ent ref="7e"/></Owner></rConnector></endConnector></llabelUm><llabelDoubleMuitos id="f3"><points><p colinear="true" x="192.2920353982301" y="414" c1x="0" c1y="0" c2x="0" c2y="0"/><p colinear="true" x="185.7079646017699" y="228" c1x="0" c1y="0" c2x="0" c2y="0"/></points><startConnector><rConnector id="f4"><Owner><rel ref="e4"/></Owner></rConnector></startConnector><endConnector><rConnector id="f5"><Owner><ent ref="0"/></Owner></rConnector></endConnector><a><innerStrokeWidthFactor><double>3</double></innerStrokeWidthFactor><text><string>N</string></text></a></llabelDoubleMuitos><rel id="f6"><children><diamond id="f7" x="393" y="425" w="80" h="40"><a><fillColor><color rgba="#ffddddff"/></fillColor></a></diamond><t id="f8" x="415.5595703125" y="437.7080078125"><a><text><string>asiste</string></text></a></t></children></rel><llabelDoubleUm id="f9"><points><p colinear="true" x="453.92711449236907" y="465" c1x="0" c1y="0" c2x="0" c2y="0"/><p colinear="true" x="638.0857220252168" y="641" c1x="0" c1y="0" c2x="0" c2y="0"/></points><startConnector><rConnector id="fa"><Owner><rel ref="f6"/></Owner></rConnector></startConnector><endConnector><rConnector id="fb"><Owner><ent ref="99"/></Owner></rConnector></endConnector><a><innerStrokeWidthFactor><double>3</double></innerStrokeWidthFactor></a></llabelDoubleUm><llabelMuitos id="fc"><points><p colinear="true" x="412.0717299578059" y="425" c1x="0" c1y="0" c2x="0" c2y="0"/><p colinear="true" x="205.92827004219407" y="228" c1x="0" c1y="0" c2x="0" c2y="0"/></points><startConnector><rConnector id="fd"><Owner><rel ref="f6"/></Owner></rConnector></startConnector><endConnector><rConnector id="fe"><Owner><ent ref="0"/></Owner></rConnector></endConnector><a><text><string>N</string></text></a></llabelMuitos></figures></drawing>