<drawing><figures><lcaf id="0"><points><p colinear="true" x="1481.2714657709907" y="90.46338609446764" c1x="788" c1y="63" c2x="788" c2y="63"/><p colinear="true" x="1413.6212797623452" y="183" c1x="788" c1y="63" c2x="788" c2y="63"/></points><startConnector><rConnector id="1"><Owner><atr id="2" nullable="false" attributeType="VARCHAR2(128)"><children><e id="3" x="1447" y="75" w="79.84765625" h="15.463386094467637"><a><fillColor><color rgba="#ffffebeb"/></fillColor></a></e><t id="4" x="1457" y="75.43970085973382"><a><text><string>capacidad</string></text></a></t></children></atr></Owner></rConnector></startConnector><endConnector><rConnector id="5"><Owner><ent id="6"><children><r id="7" x="1359" y="183" w="80" h="40"><a><fillColor><color rgba="#ffebffe8"/></fillColor></a></r><t id="8" x="1387.0205078125" y="195.7080078125"><a><text><string>sala</string></text></a></t></children></ent></Owner></rConnector></endConnector></lcaf><atr ref="2"/><ent ref="6"/><atrchave id="9" nullable="false" attributeType="NUMBER"><children><e id="a" x="1270" y="79" w="63.849609375" h="17.51981593283932"><a><fillColor><color rgba="#ffffebeb"/></fillColor></a></e><t id="b" x="1279.71484375" y="80.46791577891966"><a><fontUnderlined><boolean>true</boolean></fontUnderlined><fontBold><boolean>true</boolean></fontBold><text><string>codigo</string></text></a></t></children></atrchave><atr id="c" nullable="false" attributeType="VARCHAR2(128)"><children><e id="d" x="1365" y="77" w="66.294921875" h="15.463386094467637"><a><fillColor><color rgba="#ffffebeb"/></fillColor></a></e><t id="e" x="1375" y="77.43970085973382"><a><text><string>nombre</string></text></a></t></children></atr><lcaf id="f"><points><p colinear="true" x="1309.3039186898727" y="96.51981593283932" c1x="637" c1y="66" c2x="637" c2y="66"/><p colinear="true" x="1382.1525307556658" y="183" c1x="637" c1y="66" c2x="637" c2y="66"/></points><startConnector><rConnector id="10"><Owner><atrchave ref="9"/></Owner></rConnector></startConnector><endConnector><rConnector id="11"><Owner><ent ref="6"/></Owner></rConnector></endConnector></lcaf><lcaf id="12"><points><p colinear="true" x="1398.203194975738" y="92.46338609446764" c1x="637" c1y="66" c2x="637" c2y="66"/><p colinear="true" x="1398.8558296665497" y="183" c1x="637" c1y="66" c2x="637" c2y="66"/></points><startConnector><rConnector id="13"><Owner><atr ref="c"/></Owner></rConnector></startConnector><endConnector><rConnector id="14"><Owner><ent ref="6"/></Owner></rConnector></endConnector></lcaf><ent id="15"><children><r id="16" x="302" y="649" w="71.80859375" h="20"><a><fillColor><color rgba="#ffebffe8"/></fillColor></a></r><t id="17" x="315.1259765625" y="651.7080078125"><a><text><string>pelicula</string></text></a></t></children></ent><atrchave id="18" nullable="false" attributeType="NUMBER"><children><e id="19" x="152" y="644" w="63.849609375" h="20.519815932839265"><a><fillColor><color rgba="#ffffebeb"/></fillColor></a></e><t id="1a" x="161.71484375" y="646.9679157789196"><a><fontUnderlined><boolean>true</boolean></fontUnderlined><fontBold><boolean>true</boolean></fontBold><text><string>codigo</string></text></a></t></children></atrchave><atr id="1b" nullable="false" attributeType="VARCHAR2(128)"><children><e id="1c" x="457" y="668" w="140.09375" h="19.463386094467637"><a><fillColor><color rgba="#ffffebeb"/></fillColor></a></e><t id="1d" x="469.1826171875" y="670.4397008597339"><a><text><string>nombre en espa&#xf1;ol</string></text></a></t></children></atr><atr id="1e" nullable="false" attributeType="VARCHAR2(128)"><children><e id="1f" x="467" y="724" w="140.09375" h="19.46338609446775"><a><fillColor><color rgba="#ffffebeb"/></fillColor></a></e><t id="20" x="489.509765625" y="726.4397008597339"><a><text><string>nombre original</string></text></a></t></children></atr><atr id="21" nullable="false" attributeType="VARCHAR2(128)"><children><e id="22" x="163" y="690" w="69" h="19.463386094467637"><a><fillColor><color rgba="#ffffebeb"/></fillColor></a></e><t id="23" x="174.2880859375" y="692.4397008597339"><a><text><string>director</string></text></a></t></children></atr><atr id="24" nullable="false" attributeType="VARCHAR2(128)"><children><e id="25" x="113" y="751" w="141" h="19.46338609446775"><a><fillColor><color rgba="#ffffebeb"/></fillColor></a></e><t id="26" x="127.19140625" y="753.4397008597339"><a><text><string>actores principales</string></text></a></t></children></atr><atr id="27" nullable="false" attributeType="VARCHAR2(128)"><children><e id="28" x="268" y="773" w="140.09375" h="19.46338609446775"><a><fillColor><color rgba="#ffffebeb"/></fillColor></a></e><t id="29" x="278.8115234375" y="775.4397008597339"><a><text><string>a&#xf1;o de lanzamiento</string></text></a></t></children></atr><atr id="2a" nullable="false" attributeType="VARCHAR2(128)"><children><e id="2b" x="368" y="730" w="56" h="19.46338609446775"><a><fillColor><color rgba="#ffffebeb"/></fillColor></a></e><t id="2c" x="384.609375" y="732.4397008597339"><a><text><string>tipo</string></text></a></t></children></atr><atr id="2d" nullable="false" attributeType="VARCHAR2(128)"><children><e id="2e" x="438" y="761" w="94" h="19.46338609446775"><a><fillColor><color rgba="#ffffebeb"/></fillColor></a></e><t id="2f" x="461.15234375" y="763.4397008597339"><a><text><string>sinopsis</string></text></a></t></children></atr><lcaf id="30"><points><p colinear="true" x="215.849609375" y="655.242678530363" c1x="-1.337626808967343" c1y="707" c2x="-1.337626808967343" c2y="707"/><p colinear="true" x="302" y="657.8947250755883" c1x="-1.337626808967343" c1y="707" c2x="-1.337626808967343" c2y="707"/></points><startConnector><rConnector id="31"><Owner><atrchave ref="18"/></Owner></rConnector></startConnector><endConnector><rConnector id="32"><Owner><ent ref="15"/></Owner></rConnector></endConnector></lcaf><lcaf id="33"><points><p colinear="true" x="457" y="670.7946164015362" c1x="-1.337626808967343" c1y="707" c2x="-1.337626808967343" c2y="707"/><p colinear="true" x="373.80859375" y="662.5557740346269" c1x="-1.337626808967343" c1y="707" c2x="-1.337626808967343" c2y="707"/></points><startConnector><rConnector id="34"><Owner><atr ref="1b"/></Owner></rConnector></startConnector><endConnector><rConnector id="35"><Owner><ent ref="15"/></Owner></rConnector></endConnector></lcaf><lcaf id="36"><points><p colinear="true" x="511.1141767842324" y="724" c1x="-1.337626808967343" c1y="707" c2x="-1.337626808967343" c2y="707"/><p colinear="true" x="364.5519707071896" y="669" c1x="-1.337626808967343" c1y="707" c2x="-1.337626808967343" c2y="707"/></points><startConnector><rConnector id="37"><Owner><atr ref="1e"/></Owner></rConnector></startConnector><endConnector><rConnector id="38"><Owner><ent ref="15"/></Owner></rConnector></endConnector></lcaf><lcaf id="39"><points><p colinear="true" x="231.0456598407461" y="690" c1x="-130" c1y="726" c2x="-130" c2y="726"/><p colinear="true" x="303.4337687994343" y="669" c1x="-130" c1y="726" c2x="-130" c2y="726"/></points><startConnector><rConnector id="3a"><Owner><atr ref="21"/></Owner></rConnector></startConnector><endConnector><rConnector id="3b"><Owner><ent ref="15"/></Owner></rConnector></endConnector></lcaf><lcaf id="3c"><points><p colinear="true" x="198.270374672363" y="751" c1x="-1.337626808967343" c1y="707" c2x="-1.337626808967343" c2y="707"/><p colinear="true" x="322.7266966355829" y="669" c1x="-1.337626808967343" c1y="707" c2x="-1.337626808967343" c2y="707"/></points><startConnector><rConnector id="3d"><Owner><atr ref="24"/></Owner></rConnector></startConnector><endConnector><rConnector id="3e"><Owner><ent ref="15"/></Owner></rConnector></endConnector></lcaf><lcaf id="3f"><points><p colinear="true" x="338.0356610053186" y="773" c1x="2.844886403667715" c1y="657" c2x="2.844886403667715" c2y="657"/><p colinear="true" x="337.9158200443262" y="669" c1x="2.844886403667715" c1y="657" c2x="2.844886403667715" c2y="657"/></points><startConnector><rConnector id="40"><Owner><atr ref="27"/></Owner></rConnector></startConnector><endConnector><rConnector id="41"><Owner><ent ref="15"/></Owner></rConnector></endConnector></lcaf><lcaf id="42"><points><p colinear="true" x="388.99693182645206" y="730" c1x="-1.337626808967343" c1y="707" c2x="-1.337626808967343" c2y="707"/><p colinear="true" x="345.10044264281015" y="669" c1x="-1.337626808967343" c1y="707" c2x="-1.337626808967343" c2y="707"/></points><startConnector><rConnector id="43"><Owner><atr ref="2a"/></Owner></rConnector></startConnector><endConnector><rConnector id="44"><Owner><ent ref="15"/></Owner></rConnector></endConnector></lcaf><lcaf id="45"><points><p colinear="true" x="472.1881451686731" y="761" c1x="-1.337626808967343" c1y="707" c2x="-1.337626808967343" c2y="707"/><p colinear="true" x="351.0693800410464" y="669" c1x="-1.337626808967343" c1y="707" c2x="-1.337626808967343" c2y="707"/></points><startConnector><rConnector id="46"><Owner><atr ref="2d"/></Owner></rConnector></startConnector><endConnector><rConnector id="47"><Owner><ent ref="15"/></Owner></rConnector></endConnector></lcaf><ent id="48"><children><r id="49" x="696" y="239" w="79.99999999999977" h="40"><a><fillColor><color rgba="#ffebffe8"/></fillColor></a></r><t id="4a" x="714.5488281249999" y="251.7080078125"><a><text><string>horario</string></text></a></t></children></ent><atr id="4b" nullable="false" attributeType="VARCHAR2(128)"><children><e id="4c" x="594" y="114" w="105.640625" h="20"><a><fillColor><color rgba="#ffffebeb"/></fillColor></a></e><t id="4d" x="606.1826171875" y="116.7080078125"><a><text><string>hora de inicio</string></text></a></t></children></atr><atr id="4e" nullable="false" attributeType="VARCHAR2(128)"><children><e id="4f" x="732.6564867424242" y="126" w="105.64062499999977" h="20"><a><fillColor><color rgba="#ffffebeb"/></fillColor></a></e><t id="50" x="752.7902758049241" y="128.7080078125"><a><text><string>hora de fin</string></text></a></t></children></atr><atr id="51" nullable="false" attributeType="VARCHAR2(128)"><children><e id="52" x="862" y="165" w="80" h="20"><a><fillColor><color rgba="#ffffebeb"/></fillColor></a></e><t id="53" x="885.7900390625" y="167.7080078125"><a><text><string>fecha</string></text></a></t></children></atr><atr id="54" nullable="false" attributeType="VARCHAR2(128)"><children><e id="55" x="796.656486742424" y="62" w="80" h="20"><a><fillColor><color rgba="#ffffebeb"/></fillColor></a></e><t id="56" x="827.668205492424" y="64.7080078125"><a><text><string>dia</string></text></a></t></children></atr><atr id="57" nullable="false" attributeType="VARCHAR2(128)"><children><e id="58" x="921.656486742424" y="56" w="80" h="20"><a><fillColor><color rgba="#ffffebeb"/></fillColor></a></e><t id="59" x="949.120353929924" y="58.7080078125"><a><text><string>mes</string></text></a></t></children></atr><atr id="5a" nullable="false" attributeType="VARCHAR2(128)"><children><e id="5b" x="975.656486742424" y="95" w="80" h="20"><a><fillColor><color rgba="#ffffebeb"/></fillColor></a></e><t id="5c" x="1004.614494554924" y="97.7080078125"><a><text><string>a&#xf1;o</string></text></a></t></children></atr><lcaf id="5d"><points><p colinear="true" x="653.4262152777777" y="134" c1x="-212.34351325757575" c1y="172" c2x="-212.34351325757575" c2y="172"/><p colinear="true" x="722.7881944444443" y="239" c1x="-212.34351325757575" c1y="172" c2x="-212.34351325757575" c2y="172"/></points><startConnector><rConnector id="5e"><Owner><atr ref="4b"/></Owner></rConnector></startConnector><endConnector><rConnector id="5f"><Owner><ent ref="48"/></Owner></rConnector></endConnector></lcaf><lcaf id="60"><points><p colinear="true" x="781.454295238975" y="146" c1x="-171.34351325757575" c1y="-14" c2x="-171.34351325757575" c2y="-14"/><p colinear="true" x="744.0450080068981" y="239" c1x="-171.34351325757575" c1y="-14" c2x="-171.34351325757575" c2y="-14"/></points><startConnector><rConnector id="61"><Owner><atr ref="4e"/></Owner></rConnector></startConnector><endConnector><rConnector id="62"><Owner><ent ref="48"/></Owner></rConnector></endConnector></lcaf><lcaf id="63"><points><p colinear="true" x="882.2380952380952" y="185" c1x="-171.34351325757575" c1y="-14" c2x="-171.34351325757575" c2y="-14"/><p colinear="true" x="775.5238095238094" y="239" c1x="-171.34351325757575" c1y="-14" c2x="-171.34351325757575" c2y="-14"/></points><startConnector><rConnector id="64"><Owner><atr ref="51"/></Owner></rConnector></startConnector><endConnector><rConnector id="65"><Owner><ent ref="48"/></Owner></rConnector></endConnector></lcaf><lcaf id="66"><points><p colinear="true" x="843.0005171557809" y="82" c1x="-171.34351325757575" c1y="-14" c2x="-171.34351325757575" c2y="-14"/><p colinear="true" x="895.6559695866431" y="165" c1x="-171.34351325757575" c1y="-14" c2x="-171.34351325757575" c2y="-14"/></points><startConnector><rConnector id="67"><Owner><atr ref="54"/></Owner></rConnector></startConnector><endConnector><rConnector id="68"><Owner><atr ref="51"/></Owner></rConnector></endConnector></lcaf><lcaf id="69"><points><p colinear="true" x="956.18341456422" y="76" c1x="-171.34351325757575" c1y="-14" c2x="-171.34351325757575" c2y="-14"/><p colinear="true" x="907.473072178204" y="165" c1x="-171.34351325757575" c1y="-14" c2x="-171.34351325757575" c2y="-14"/></points><startConnector><rConnector id="6a"><Owner><atr ref="57"/></Owner></rConnector></startConnector><endConnector><rConnector id="6b"><Owner><atr ref="51"/></Owner></rConnector></endConnector></lcaf><lcaf id="6c"><points><p colinear="true" x="999.4198457792206" y="115" c1x="-171.34351325757575" c1y="-14" c2x="-171.34351325757575" c2y="-14"/><p colinear="true" x="918.2366409632034" y="165" c1x="-171.34351325757575" c1y="-14" c2x="-171.34351325757575" c2y="-14"/></points><startConnector><rConnector id="6d"><Owner><atr ref="5a"/></Owner></rConnector></startConnector><endConnector><rConnector id="6e"><Owner><atr ref="51"/></Owner></rConnector></endConnector></lcaf><ent id="6f"><children><r id="70" x="121" y="417" w="80" h="40"><a><fillColor><color rgba="#ffebffe8"/></fillColor></a></r><t id="71" x="137.7880859375" y="429.7080078125"><a><text><string>director</string></text></a></t></children></ent><ent id="72"><children><r id="73" x="386" y="362" w="132.6171875" h="40"><a><fillColor><color rgba="#ffebffe8"/></fillColor></a></r><t id="74" x="396" y="374.7080078125"><a><text><string>actores principales</string></text></a></t></children></ent><rel id="75"><children><diamond id="76" x="143" y="516" w="80" h="40"><a><fillColor><color rgba="#ffddddff"/></fillColor></a></diamond><t id="77" x="166.095703125" y="528.7080078125"><a><text><string>dirige</string></text></a></t></children></rel><llabelDoubleMuitos id="78"><points><p colinear="true" x="208.1876905487805" y="556" c1x="5.65929999635182" c1y="7" c2x="5.65929999635182" c2y="7"/><p colinear="true" x="325.3104516006098" y="649" c1x="5.65929999635182" c1y="7" c2x="5.65929999635182" c2y="7"/></points><startConnector><rConnector id="79"><Owner><rel ref="75"/></Owner></rConnector></startConnector><endConnector><rConnector id="7a"><Owner><ent ref="15"/></Owner></rConnector></endConnector><a><innerStrokeWidthFactor><double>3</double></innerStrokeWidthFactor><text><string>N</string></text></a></llabelDoubleMuitos><llabelDoubleUm id="7b"><points><p colinear="true" x="178.55555555555554" y="516" c1x="0" c1y="0" c2x="0" c2y="0"/><p colinear="true" x="165.44444444444446" y="457" c1x="0" c1y="0" c2x="0" c2y="0"/></points><startConnector><rConnector id="7c"><Owner><rel ref="75"/></Owner></rConnector></startConnector><endConnector><rConnector id="7d"><Owner><ent ref="6f"/></Owner></rConnector></endConnector><a><innerStrokeWidthFactor><double>3</double></innerStrokeWidthFactor></a></llabelDoubleUm><rel id="7e"><children><diamond id="7f" x="752" y="568" w="80" h="40"><a><fillColor><color rgba="#ffddddff"/></fillColor></a></diamond><t id="80" x="765.8408203125" y="580.7080078125"><a><text><string>proyecta</string></text></a></t></children></rel><llabelDoubleUm id="81"><points><p colinear="true" x="752" y="594.2541882260846" c1x="0" c1y="0" c2x="0" c2y="0"/><p colinear="true" x="373.80859375" y="653.3861942304632" c1x="0" c1y="0" c2x="0" c2y="0"/></points><startConnector><rConnector id="82"><Owner><rel ref="7e"/></Owner></rConnector></startConnector><endConnector><rConnector id="83"><Owner><ent ref="15"/></Owner></rConnector></endConnector><a><innerStrokeWidthFactor><double>3</double></innerStrokeWidthFactor></a></llabelDoubleUm><rel id="84"><children><diamond id="85" x="408" y="468" w="80" h="40"><a><fillColor><color rgba="#ffddddff"/></fillColor></a></diamond><t id="86" x="427.708984375" y="480.7080078125"><a><text><string>actuan</string></text></a></t></children></rel><llabelMuitos id="87"><points><p colinear="true" x="448.8129422169811" y="468" c1x="0" c1y="0" c2x="0" c2y="0"/><p colinear="true" x="451.4956515330189" y="402" c1x="0" c1y="0" c2x="0" c2y="0"/></points><startConnector><rConnector id="88"><Owner><rel ref="84"/></Owner></rConnector></startConnector><endConnector><rConnector id="89"><Owner><ent ref="72"/></Owner></rConnector></endConnector><a><text><string>N</string></text></a></llabelMuitos><llabelDoubleMuitos id="8a"><points><p colinear="true" x="435.1233095760234" y="508" c1x="0" c1y="0" c2x="0" c2y="0"/><p colinear="true" x="344.3426420869883" y="649" c1x="0" c1y="0" c2x="0" c2y="0"/></points><startConnector><rConnector id="8b"><Owner><rel ref="84"/></Owner></rConnector></startConnector><endConnector><rConnector id="8c"><Owner><ent ref="15"/></Owner></rConnector></endConnector><a><innerStrokeWidthFactor><double>3</double></innerStrokeWidthFactor><text><string>M</string></text></a></llabelDoubleMuitos><ent id="8d"><children><r id="8e" x="215" y="180" w="90" h="60"><a><fillColor><color rgba="#ffebffe8"/></fillColor></a></r><t id="8f" x="235.958984375" y="202.7080078125"><a><text><string>persona</string></text></a></t></children></ent><atr id="90" nullable="false" attributeType="VARCHAR2(128)"><children><e id="91" x="225.52941176470586" y="102" w="80" h="20"><a><fillColor><color rgba="#ffffebeb"/></fillColor></a></e><t id="92" x="242.38195082720586" y="104.7080078125"><a><text><string>nombre</string></text></a></t></children></atr><atr id="93" nullable="false" attributeType="VARCHAR2(128)"><children><e id="94" x="145" y="60" w="80" h="20"><a><fillColor><color rgba="#ffffebeb"/></fillColor></a></e><t id="95" x="158.7265625" y="62.7080078125"><a><text><string>nombres</string></text></a></t></children></atr><atr id="96" nullable="false" attributeType="VARCHAR2(128)"><children><e id="97" x="212.52941176470586" y="24" w="110.521484375" h="20"><a><fillColor><color rgba="#ffffebeb"/></fillColor></a></e><t id="98" x="222.52941176470586" y="26.7080078125"><a><text><string>primer apellido</string></text></a></t></children></atr><atr id="99" nullable="false" attributeType="VARCHAR2(128)"><children><e id="9a" x="293.52941176470586" y="52" w="121.513671875" h="20"><a><fillColor><color rgba="#ffffebeb"/></fillColor></a></e><t id="9b" x="303.52941176470586" y="54.7080078125"><a><text><string>segundo apellido</string></text></a></t></children></atr><lcaf id="9c"><points><p colinear="true" x="204.1736694677871" y="80" c1x="157.52941176470586" c1y="-410" c2x="157.52941176470586" c2y="-410"/><p colinear="true" x="246.35574229691872" y="102" c1x="157.52941176470586" c1y="-410" c2x="157.52941176470586" c2y="-410"/></points><startConnector><rConnector id="9d"><Owner><atr ref="93"/></Owner></rConnector></startConnector><endConnector><rConnector id="9e"><Owner><atr ref="90"/></Owner></rConnector></endConnector></lcaf><lcaf id="9f"><points><p colinear="true" x="265.81925050669304" y="102" c1x="157.52941176470586" c1y="-410" c2x="157.52941176470586" c2y="-410"/><p colinear="true" x="267.5003152102187" y="44" c1x="157.52941176470586" c1y="-410" c2x="157.52941176470586" c2y="-410"/></points><startConnector><rConnector id="a0"><Owner><atr ref="90"/></Owner></rConnector></startConnector><endConnector><rConnector id="a1"><Owner><atr ref="96"/></Owner></rConnector></endConnector></lcaf><lcaf id="a2"><points><p colinear="true" x="283.2807789522059" y="102" c1x="157.52941176470586" c1y="-410" c2x="157.52941176470586" c2y="-410"/><p colinear="true" x="336.53488051470583" y="72" c1x="157.52941176470586" c1y="-410" c2x="157.52941176470586" c2y="-410"/></points><startConnector><rConnector id="a3"><Owner><atr ref="90"/></Owner></rConnector></startConnector><endConnector><rConnector id="a4"><Owner><atr ref="99"/></Owner></rConnector></endConnector></lcaf><atrchave id="a5" nullable="false" attributeType="NUMBER"><children><e id="a6" x="39" y="108" w="80" h="20"><a><fillColor><color rgba="#ffffebeb"/></fillColor></a></e><t id="a7" x="56.7900390625" y="110.7080078125"><a><fontUnderlined><boolean>true</boolean></fontUnderlined><fontBold><boolean>true</boolean></fontBold><text><string>codigo</string></text></a></t></children></atrchave><atr id="a8" nullable="false" attributeType="VARCHAR2(128)"><children><e id="a9" x="449" y="156" w="80" h="20"><a><fillColor><color rgba="#ffffebeb"/></fillColor></a></e><t id="aa" x="468.1142578125" y="158.7080078125"><a><text><string>genero</string></text></a></t></children></atr><atrmulti id="ab" nullable="false" attributeType="VARCHAR2(128)"><children><e id="ac" x="458" y="219" w="80" h="20"><a><fillColor><color rgba="#ffffebeb"/></fillColor><strokeType><enum type="strokeType">DOUBLE</enum></strokeType><innerStrokeWidthFactor><double>3</double></innerStrokeWidthFactor></a></e><t id="ad" x="470.525390625" y="221.7080078125"><a><text><string>telefonos</string></text></a></t></children></atrmulti><atrmulti id="ae" nullable="false" attributeType="VARCHAR2(128)"><children><e id="af" x="69" y="329" w="80" h="20"><a><fillColor><color rgba="#ffffebeb"/></fillColor><strokeType><enum type="strokeType">DOUBLE</enum></strokeType><innerStrokeWidthFactor><double>3</double></innerStrokeWidthFactor></a></e><t id="b0" x="89.5673828125" y="331.7080078125"><a><text><string>emails</string></text></a></t></children></atrmulti><atr id="b1" nullable="false" attributeType="VARCHAR2(128)"><children><e id="b2" x="16" y="181" w="122.703125" h="20"><a><fillColor><color rgba="#ffffebeb"/></fillColor></a></e><t id="b3" x="26" y="183.7080078125"><a><text><string>fecha nacimiento</string></text></a></t></children></atr><atrderivado id="b4"><children><e id="b5" x="63" y="253" w="80" h="20"><a><fillColor><color rgba="#ffffebeb"/></fillColor><strokeDashes><doubleArray><double>5</double></doubleArray></strokeDashes></a></e><t id="b6" x="88.345703125" y="255.7080078125"><a><text><string>edad</string></text></a></t></children></atrderivado><atr id="b7" nullable="false" attributeType="VARCHAR2(128)"><children><e id="b8" x="380" y="96" w="80" h="20"><a><fillColor><color rgba="#ffffebeb"/></fillColor></a></e><t id="b9" x="393.1435546875" y="98.7080078125"><a><text><string>direccion</string></text></a></t></children></atr><lcaf id="ba"><points><p colinear="true" x="98.67391304347827" y="128" c1x="-8" c1y="-78" c2x="-8" c2y="-78"/><p colinear="true" x="215" y="187.12707182320443" c1x="-8" c1y="-78" c2x="-8" c2y="-78"/></points><startConnector><rConnector id="bb"><Owner><atrchave ref="a5"/></Owner></rConnector></startConnector><endConnector><rConnector id="bc"><Owner><ent ref="8d"/></Owner></rConnector></endConnector></lcaf><lcaf id="bd"><points><p colinear="true" x="264.96518607442977" y="122" c1x="-8" c1y="-78" c2x="-8" c2y="-78"/><p colinear="true" x="261.6926770708283" y="180" c1x="-8" c1y="-78" c2x="-8" c2y="-78"/></points><startConnector><rConnector id="be"><Owner><atr ref="90"/></Owner></rConnector></startConnector><endConnector><rConnector id="bf"><Owner><ent ref="8d"/></Owner></rConnector></endConnector></lcaf><lcaf id="c0"><points><p colinear="true" x="138.703125" y="197.38209504255957" c1x="-8" c1y="-78" c2x="-8" c2y="-78"/><p colinear="true" x="215" y="205.31887591428205" c1x="-8" c1y="-78" c2x="-8" c2y="-78"/></points><startConnector><rConnector id="c1"><Owner><atr ref="b1"/></Owner></rConnector></startConnector><endConnector><rConnector id="c2"><Owner><ent ref="8d"/></Owner></rConnector></endConnector></lcaf><lcaf id="c3"><points><p colinear="true" x="132.62264150943395" y="253" c1x="-8" c1y="-78" c2x="-8" c2y="-78"/><p colinear="true" x="215" y="225.19108280254778" c1x="-8" c1y="-78" c2x="-8" c2y="-78"/></points><startConnector><rConnector id="c4"><Owner><atrderivado ref="b4"/></Owner></rConnector></startConnector><endConnector><rConnector id="c5"><Owner><ent ref="8d"/></Owner></rConnector></endConnector></lcaf><lcaf id="c6"><points><p colinear="true" x="120.70542635658916" y="329" c1x="-8" c1y="-78" c2x="-8" c2y="-78"/><p colinear="true" x="224.88372093023256" y="240" c1x="-8" c1y="-78" c2x="-8" c2y="-78"/></points><startConnector><rConnector id="c7"><Owner><atrmulti ref="ae"/></Owner></rConnector></startConnector><endConnector><rConnector id="c8"><Owner><ent ref="8d"/></Owner></rConnector></endConnector></lcaf><lcaf id="c9"><points><p colinear="true" x="458" y="225.80672268907563" c1x="-8" c1y="-78" c2x="-8" c2y="-78"/><p colinear="true" x="305" y="213.5924369747899" c1x="-8" c1y="-78" c2x="-8" c2y="-78"/></points><startConnector><rConnector id="ca"><Owner><atrmulti ref="ab"/></Owner></rConnector></startConnector><endConnector><rConnector id="cb"><Owner><ent ref="8d"/></Owner></rConnector></endConnector></lcaf><lcaf id="cc"><points><p colinear="true" x="449" y="173.68558951965065" c1x="-8" c1y="-78" c2x="-8" c2y="-78"/><p colinear="true" x="305" y="201.35371179039302" c1x="-8" c1y="-78" c2x="-8" c2y="-78"/></points><startConnector><rConnector id="cd"><Owner><atr ref="a8"/></Owner></rConnector></startConnector><endConnector><rConnector id="ce"><Owner><ent ref="8d"/></Owner></rConnector></endConnector></lcaf><lcaf id="cf"><points><p colinear="true" x="404.61538461538464" y="116" c1x="-8" c1y="-78" c2x="-8" c2y="-78"/><p colinear="true" x="305" y="180.75" c1x="-8" c1y="-78" c2x="-8" c2y="-78"/></points><startConnector><rConnector id="d0"><Owner><atr ref="b7"/></Owner></rConnector></startConnector><endConnector><rConnector id="d1"><Owner><ent ref="8d"/></Owner></rConnector></endConnector></lcaf><disjuncao id="d2"><children><circ id="d3" x="258" y="301" w="20" h="20"><a><fillColor><color rgba="#fff5f2e0"/></fillColor></a></circ><tn id="d4" x="262" y="302"><a><fontBold><boolean>true</boolean></fontBold><fontSize><double>16</double></fontSize><text><string>d</string></text></a></tn></children></disjuncao><generalizacaoLine id="d5"><points><p colinear="true" x="259.303487685953" y="321.4453125" c1x="-8" c1y="-78" c2x="-8" c2y="-78"/><p colinear="true" x="178.01419298735985" y="417" c1x="-8" c1y="-78" c2x="-8" c2y="-78"/></points><startConnector><rConnector id="d6"><Owner><disjuncao ref="d2"/></Owner></rConnector></startConnector><endConnector><rConnector id="d7"><Owner><ent ref="6f"/></Owner></rConnector></endConnector></generalizacaoLine><generalizacaoLine id="d8"><points><p colinear="true" x="278" y="315.0628105428597" c1x="-8" c1y="-78" c2x="-8" c2y="-78"/><p colinear="true" x="400.22735306342787" y="362" c1x="-8" c1y="-78" c2x="-8" c2y="-78"/></points><startConnector><rConnector id="d9"><Owner><disjuncao ref="d2"/></Owner></rConnector></startConnector><endConnector><rConnector id="da"><Owner><ent ref="72"/></Owner></rConnector></endConnector></generalizacaoLine><lcaf id="db"><points><p colinear="true" x="262.10526315789474" y="240" c1x="-7.371010689615218" c1y="-78" c2x="-7.371010689615218" c2y="-78"/><p colinear="true" x="264" y="267"/><p colinear="true" x="267.07534670082146" y="301" c1x="-7.371010689615218" c1y="-78" c2x="-7.371010689615218" c2y="-78"/></points><startConnector><rConnector id="dc"><Owner><ent ref="8d"/></Owner></rConnector></startConnector><endConnector><rConnector id="dd"><Owner><disjuncao ref="d2"/></Owner></rConnector></endConnector></lcaf><llabelDoubleUm id="de"><points><p colinear="true" x="823.5324675324675" y="568" c1x="0" c1y="0" c2x="0" c2y="0"/><p colinear="true" x="1367.4675324675325" y="223" c1x="0" c1y="0" c2x="0" c2y="0"/></points><startConnector><rConnector id="df"><Owner><rel ref="7e"/></Owner></rConnector></startConnector><endConnector><rConnector id="e0"><Owner><ent ref="6"/></Owner></rConnector></endConnector><a><innerStrokeWidthFactor><double>3</double></innerStrokeWidthFactor></a></llabelDoubleUm><llabelUm id="e1"><points><p colinear="true" x="981" y="242.66666666666666" c1x="0" c1y="0" c2x="0" c2y="0"/><p colinear="true" x="775.9999999999998" y="256.33333333333337" c1x="0" c1y="0" c2x="0" c2y="0"/></points><startConnector><rConnector id="e2"><Owner><rel id="e3"><children><diamond id="e4" x="981" y="220" w="80" h="40"><a><fillColor><color rgba="#ffddddff"/></fillColor></a></diamond><t id="e5" x="998.4501953125" y="232.7080078125"><a><text><string>reserva</string></text></a></t></children></rel></Owner></rConnector></startConnector><endConnector><rConnector id="e6"><Owner><ent ref="48"/></Owner></rConnector></endConnector></llabelUm><llabelMuitos id="e7"><points><p colinear="true" x="1061" y="236.08465608465607" c1x="-118" c1y="91.35890014471784" c2x="-118" c2y="91.35890014471784"/><p colinear="true" x="1359" y="206.9153439153439" c1x="-118" c1y="91.35890014471784" c2x="-118" c2y="91.35890014471784"/></points><startConnector><rConnector id="e8"><Owner><rel ref="e3"/></Owner></rConnector></startConnector><endConnector><rConnector id="e9"><Owner><ent ref="6"/></Owner></rConnector></endConnector><a><text><string>N</string></text></a></llabelMuitos><rel ref="e3"/><rel id="ea"><children><diamond id="eb" x="643" y="447" w="80" h="40"><a><fillColor><color rgba="#ffddddff"/></fillColor></a></diamond><t id="ec" x="654.623046875" y="459.7080078125"><a><text><string>comienza</string></text></a></t></children></rel><llabelDoubleMuitos id="ed"><points><p colinear="true" x="688.0961538461538" y="447" c1x="0" c1y="0" c2x="0" c2y="0"/><p colinear="true" x="730.9038461538461" y="279" c1x="0" c1y="0" c2x="0" c2y="0"/></points><startConnector><rConnector id="ee"><Owner><rel ref="ea"/></Owner></rConnector></startConnector><endConnector><rConnector id="ef"><Owner><ent ref="48"/></Owner></rConnector></endConnector><a><innerStrokeWidthFactor><double>3</double></innerStrokeWidthFactor><text><string>N</string></text></a></llabelDoubleMuitos><llabelDoubleUm id="f0"><points><p colinear="true" x="647.0525309244791" y="487" c1x="0" c1y="0" c2x="0" c2y="0"/><p colinear="true" x="355.87803141276044" y="649" c1x="0" c1y="0" c2x="0" c2y="0"/></points><startConnector><rConnector id="f1"><Owner><rel ref="ea"/></Owner></rConnector></startConnector><endConnector><rConnector id="f2"><Owner><ent ref="15"/></Owner></rConnector></endConnector><a><innerStrokeWidthFactor><double>3</double></innerStrokeWidthFactor></a></llabelDoubleUm></figures></drawing>