<drawing><figures><atrmulti id="0" nullable="false" attributeType="VARCHAR2(128)"><children><e id="1" x="572" y="366" w="80" h="20"><a><fillColor><color rgba="#ffffebeb"/></fillColor><strokeType><enum type="strokeType">DOUBLE</enum></strokeType><innerStrokeWidthFactor><double>3</double></innerStrokeWidthFactor></a></e><t id="2" x="592.5673828125" y="368.7080078125"><a><text><string>emails</string></text></a></t></children></atrmulti><ent id="3"><children><r id="4" x="149" y="402" w="80" h="40"><a><fillColor><color rgba="#ffebffe8"/></fillColor></a></r><t id="5" x="156.48046875" y="414.7080078125"><a><text><string>veterinario</string></text></a></t></children></ent><atr id="6" nullable="false" attributeType="VARCHAR2(128)"><children><e id="7" x="11" y="347" w="80" h="20"><a><fillColor><color rgba="#ffffebeb"/></fillColor></a></e><t id="8" x="13.412109375" y="349.7080078125"><a><text><string>nacionalidad</string></text></a></t></children></atr><lcaf id="9"><points><p colinear="true" x="72.23076923076923" y="367" c1x="227" c1y="150" c2x="227" c2y="150"/><p colinear="true" x="149" y="403.15942028985506" c1x="227" c1y="150" c2x="227" c2y="150"/></points><startConnector><rConnector id="a"><Owner><atr ref="6"/></Owner></rConnector></startConnector><endConnector><rConnector id="b"><Owner><ent ref="3"/></Owner></rConnector></endConnector></lcaf><ent id="c"><children><r id="d" x="420" y="379" w="80" h="40"><a><fillColor><color rgba="#ffebffe8"/></fillColor></a></r><t id="e" x="440.271484375" y="391.7080078125"><a><text><string>cliente</string></text></a></t></children></ent><atr id="f" nullable="false" attributeType="VARCHAR2(128)"><children><e id="10" x="396" y="306" w="122.703125" h="20"><a><fillColor><color rgba="#ffffebeb"/></fillColor></a></e><t id="11" x="406" y="308.7080078125"><a><text><string>fecha nacimiento</string></text></a></t></children></atr><lcaf id="12"><points><p colinear="true" x="457.6706513554217" y="326" c1x="987" c1y="56" c2x="987" c2y="56"/><p colinear="true" x="459.36182228915663" y="379" c1x="987" c1y="56" c2x="987" c2y="56"/></points><startConnector><rConnector id="13"><Owner><atr ref="f"/></Owner></rConnector></startConnector><endConnector><rConnector id="14"><Owner><ent ref="c"/></Owner></rConnector></endConnector></lcaf><atrderivado id="15"><children><e id="16" x="527" y="316" w="80" h="20"><a><fillColor><color rgba="#ffffebeb"/></fillColor><strokeDashes><doubleArray><double>5</double></doubleArray></strokeDashes></a></e><t id="17" x="552.345703125" y="318.7080078125"><a><text><string>edad</string></text></a></t></children></atrderivado><lcaf id="18"><points><p colinear="true" x="489.3150684931507" y="379" c1x="-21" c1y="55" c2x="-21" c2y="55"/><p colinear="true" x="552.3424657534247" y="336" c1x="-21" c1y="55" c2x="-21" c2y="55"/></points><startConnector><rConnector id="19"><Owner><ent ref="c"/></Owner></rConnector></startConnector><endConnector><rConnector id="1a"><Owner><atrderivado ref="15"/></Owner></rConnector></endConnector></lcaf><ent id="1b"><children><r id="1c" x="154" y="664" w="80" h="40"><a><fillColor><color rgba="#ffebffe8"/></fillColor></a></r><t id="1d" x="168.69921875" y="676.7080078125"><a><text><string>mascota</string></text></a></t></children></ent><atrchave id="1e" nullable="false" attributeType="NUMBER"><children><e id="1f" x="22" y="684" w="80" h="20"><a><fillColor><color rgba="#ffffebeb"/></fillColor></a></e><t id="20" x="55.75390625" y="686.7080078125"><a><fontUnderlined><boolean>true</boolean></fontUnderlined><fontBold><boolean>true</boolean></fontBold><text><string>id</string></text></a></t></children></atrchave><atr id="21" nullable="false" attributeType="VARCHAR2(128)"><children><e id="22" x="38" y="801" w="80" h="20"><a><fillColor><color rgba="#ffffebeb"/></fillColor></a></e><t id="23" x="54.8525390625" y="803.7080078125"><a><text><string>nombre</string></text></a></t></children></atr><atr id="24" nullable="false" attributeType="VARCHAR2(128)"><children><e id="25" x="245" y="811" w="80" h="20"><a><fillColor><color rgba="#ffffebeb"/></fillColor></a></e><t id="26" x="272.080078125" y="813.7080078125"><a><text><string>raza</string></text></a></t></children></atr><atrmulti id="27" nullable="false" attributeType="VARCHAR2(128)"><children><e id="28" x="127" y="815" w="80" h="20"><a><fillColor><color rgba="#ffffebeb"/></fillColor><strokeType><enum type="strokeType">DOUBLE</enum></strokeType><innerStrokeWidthFactor><double>3</double></innerStrokeWidthFactor></a></e><t id="29" x="142.396484375" y="817.7080078125"><a><text><string>vacunas</string></text></a></t></children></atrmulti><lcaf id="2a"><points><p colinear="true" x="102" y="690.969696969697" c1x="4" c1y="101" c2x="4" c2y="101"/><p colinear="true" x="154" y="687.030303030303" c1x="4" c1y="101" c2x="4" c2y="101"/></points><startConnector><rConnector id="2b"><Owner><atrchave ref="1e"/></Owner></rConnector></startConnector><endConnector><rConnector id="2c"><Owner><ent ref="1b"/></Owner></rConnector></endConnector></lcaf><lcaf id="2d"><points><p colinear="true" x="87.13385826771653" y="801" c1x="4" c1y="101" c2x="4" c2y="101"/><p colinear="true" x="175.73228346456693" y="704" c1x="4" c1y="101" c2x="4" c2y="101"/></points><startConnector><rConnector id="2e"><Owner><atr ref="21"/></Owner></rConnector></startConnector><endConnector><rConnector id="2f"><Owner><ent ref="1b"/></Owner></rConnector></endConnector></lcaf><lcaf id="30"><points><p colinear="true" x="278.35766423357666" y="811" c1x="4" c1y="101" c2x="4" c2y="101"/><p colinear="true" x="207.28467153284672" y="704" c1x="4" c1y="101" c2x="4" c2y="101"/></points><startConnector><rConnector id="31"><Owner><atr ref="24"/></Owner></rConnector></startConnector><endConnector><rConnector id="32"><Owner><ent ref="1b"/></Owner></rConnector></endConnector></lcaf><lcaf id="33"><points><p colinear="true" x="168.91489361702128" y="815" c1x="4" c1y="101" c2x="4" c2y="101"/><p colinear="true" x="190.17021276595744" y="704" c1x="4" c1y="101" c2x="4" c2y="101"/></points><startConnector><rConnector id="34"><Owner><atrmulti ref="27"/></Owner></rConnector></startConnector><endConnector><rConnector id="35"><Owner><ent ref="1b"/></Owner></rConnector></endConnector></lcaf><ent id="36"><children><r id="37" x="567.0128365175858" y="672" w="80" h="40"><a><fillColor><color rgba="#ffebffe8"/></fillColor></a></r><t id="38" x="581.9112740175858" y="684.7080078125"><a><text><string>consulta</string></text></a></t></children></ent><atrchave id="39" nullable="false" attributeType="NUMBER"><children><e id="3a" x="438" y="796" w="117.3828125" h="20"><a><fillColor><color rgba="#ffffebeb"/></fillColor></a></e><t id="3b" x="448" y="798.7080078125"><a><fontUnderlined><boolean>true</boolean></fontUnderlined><fontBold><boolean>true</boolean></fontBold><text><string>n&#xba; de consulta</string></text></a></t></children></atrchave><atr id="3c" nullable="false" attributeType="VARCHAR2(128)"><children><e id="3d" x="600" y="549" w="80" h="20"><a><fillColor><color rgba="#ffffebeb"/></fillColor></a></e><t id="3e" x="624.2880859375" y="551.7080078125"><a><text><string>hora </string></text></a></t></children></atr><atr id="3f" nullable="false" attributeType="VARCHAR2(128)"><children><e id="40" x="697" y="637" w="80" h="20"><a><fillColor><color rgba="#ffffebeb"/></fillColor></a></e><t id="41" x="728.01171875" y="639.7080078125"><a><text><string>dia</string></text></a></t></children></atr><lcaf id="42"><points><p colinear="true" x="506.36872469452504" y="796" c1x="-55.706446313263314" c1y="32" c2x="-55.706446313263314" c2y="32"/><p colinear="true" x="587.6581996285356" y="712" c1x="-55.706446313263314" c1y="32" c2x="-55.706446313263314" c2y="32"/></points><startConnector><rConnector id="43"><Owner><atrchave ref="39"/></Owner></rConnector></startConnector><endConnector><rConnector id="44"><Owner><ent ref="36"/></Owner></rConnector></endConnector></lcaf><lcaf id="45"><points><p colinear="true" x="637.5197621441794" y="569" c1x="-55.706446313263314" c1y="32" c2x="-55.706446313263314" c2y="32"/><p colinear="true" x="611.9733122292271" y="672" c1x="-55.706446313263314" c1y="32" c2x="-55.706446313263314" c2y="32"/></points><startConnector><rConnector id="46"><Owner><atr ref="3c"/></Owner></rConnector></startConnector><endConnector><rConnector id="47"><Owner><ent ref="36"/></Owner></rConnector></endConnector></lcaf><lcaf id="48"><points><p colinear="true" x="708.1139636705747" y="657" c1x="-55.706446313263314" c1y="32" c2x="-55.706446313263314" c2y="32"/><p colinear="true" x="647.0128365175858" y="678.1524788157753" c1x="-55.706446313263314" c1y="32" c2x="-55.706446313263314" c2y="32"/></points><startConnector><rConnector id="49"><Owner><atr ref="3f"/></Owner></rConnector></startConnector><endConnector><rConnector id="4a"><Owner><ent ref="36"/></Owner></rConnector></endConnector></lcaf><ent id="4b"><children><r id="4c" x="1292" y="715" w="114.875" h="40"><a><fillColor><color rgba="#ffebffe8"/></fillColor></a></r><t id="4d" x="1305.57421875" y="727.7080078125"><a><text><string>medicamentos</string></text></a></t></children></ent><atrchave id="4e" nullable="false" attributeType="NUMBER"><children><e id="4f" x="1381" y="813" w="80" h="20"><a><fillColor><color rgba="#ffffebeb"/></fillColor></a></e><t id="50" x="1414.75390625" y="815.7080078125"><a><fontUnderlined><boolean>true</boolean></fontUnderlined><fontBold><boolean>true</boolean></fontBold><text><string>id</string></text></a></t></children></atrchave><atr id="51" nullable="false" attributeType="VARCHAR2(128)"><children><e id="52" x="1464" y="721" w="80" h="20"><a><fillColor><color rgba="#ffffebeb"/></fillColor></a></e><t id="53" x="1480.8525390625" y="723.7080078125"><a><text><string>nombre</string></text></a></t></children></atr><atr id="54" nullable="false" attributeType="VARCHAR2(128)"><children><e id="55" x="1271" y="595" w="80" h="20"><a><fillColor><color rgba="#ffffebeb"/></fillColor></a></e><t id="56" x="1295.7216796875" y="597.7080078125"><a><text><string>dosis</string></text></a></t></children></atr><atr id="57" nullable="false" attributeType="VARCHAR2(128)"><children><e id="58" x="1414" y="634" w="129.74609375" h="20"><a><fillColor><color rgba="#ffffebeb"/></fillColor></a></e><t id="59" x="1424" y="636.7080078125"><a><text><string>fecha vencimiento</string></text></a></t></children></atr><atr id="5a" nullable="false" attributeType="VARCHAR2(128)"><children><e id="5b" x="1183" y="819" w="80" h="20"><a><fillColor><color rgba="#ffffebeb"/></fillColor></a></e><t id="5c" x="1201.484375" y="821.7080078125"><a><text><string>efectos</string></text></a></t></children></atr><lcaf id="5d"><points><p colinear="true" x="1464" y="732.0351799433886" c1x="776" c1y="32" c2x="776" c2y="32"/><p colinear="true" x="1406.875" y="733.5135463000404" c1x="776" c1y="32" c2x="776" c2y="32"/></points><startConnector><rConnector id="5e"><Owner><atr ref="51"/></Owner></rConnector></startConnector><endConnector><rConnector id="5f"><Owner><ent ref="4b"/></Owner></rConnector></endConnector></lcaf><lcaf id="60"><points><p colinear="true" x="1313.9567307692307" y="615" c1x="776" c1y="32" c2x="776" c2y="32"/><p colinear="true" x="1343.5240384615386" y="715" c1x="776" c1y="32" c2x="776" c2y="32"/></points><startConnector><rConnector id="61"><Owner><atr ref="54"/></Owner></rConnector></startConnector><endConnector><rConnector id="62"><Owner><ent ref="4b"/></Owner></rConnector></endConnector></lcaf><lcaf id="63"><points><p colinear="true" x="1412.8678977272727" y="813" c1x="776" c1y="32" c2x="776" c2y="32"/><p colinear="true" x="1365.7017045454545" y="755" c1x="776" c1y="32" c2x="776" c2y="32"/></points><startConnector><rConnector id="64"><Owner><atrchave ref="4e"/></Owner></rConnector></startConnector><endConnector><rConnector id="65"><Owner><ent ref="4b"/></Owner></rConnector></endConnector></lcaf><lcaf id="66"><points><p colinear="true" x="1236.4507978723404" y="819" c1x="776" c1y="32" c2x="776" c2y="32"/><p colinear="true" x="1322.535904255319" y="755" c1x="776" c1y="32" c2x="776" c2y="32"/></points><startConnector><rConnector id="67"><Owner><atr ref="5a"/></Owner></rConnector></startConnector><endConnector><rConnector id="68"><Owner><ent ref="4b"/></Owner></rConnector></endConnector></lcaf><lcaf id="69"><points><p colinear="true" x="1464.6493604052198" y="654" c1x="776" c1y="32" c2x="776" c2y="32"/><p colinear="true" x="1377.8848729395604" y="715" c1x="776" c1y="32" c2x="776" c2y="32"/></points><startConnector><rConnector id="6a"><Owner><atr ref="57"/></Owner></rConnector></startConnector><endConnector><rConnector id="6b"><Owner><ent ref="4b"/></Owner></rConnector></endConnector></lcaf><atr id="6c" nullable="false" attributeType="VARCHAR2(128)"><children><e id="6d" x="932" y="860" w="85" h="27"><a><fillColor><color rgba="#ffffebeb"/></fillColor></a></e><t id="6e" x="940.4365234375" y="866.2080078125"><a><text><string>suministrar</string></text></a></t></children></atr><atr id="6f" nullable="false" attributeType="VARCHAR2(128)"><children><e id="70" x="781" y="856" w="105" h="27"><a><fillColor><color rgba="#ffffebeb"/></fillColor></a></e><t id="71" x="791.4912109375" y="862.2080078125"><a><text><string>suministrados</string></text></a></t></children></atr><lcaf id="72"><points><p colinear="true" x="900.6813953488372" y="791" c1x="-52.75179856115108" c1y="31" c2x="-52.75179856115108" c2y="31"/><p colinear="true" x="845.053488372093" y="856" c1x="-52.75179856115108" c1y="31" c2x="-52.75179856115108" c2y="31"/></points><startConnector><rConnector id="73"><Owner><rel id="74"><children><diamond id="75" x="874" y="733" w="103" h="58"><a><fillColor><color rgba="#ffddddff"/></fillColor></a></diamond><t id="76" x="887.595703125" y="754.7080078125"><a><text><string>generar lista</string></text></a></t></children></rel></Owner></rConnector></startConnector><endConnector><rConnector id="77"><Owner><atr ref="6f"/></Owner></rConnector></endConnector></lcaf><lcaf id="78"><points><p colinear="true" x="938.2443946188341" y="791" c1x="-52" c1y="31" c2x="-52" c2y="31"/><p colinear="true" x="968.567264573991" y="860" c1x="-52" c1y="31" c2x="-52" c2y="31"/></points><startConnector><rConnector id="79"><Owner><rel ref="74"/></Owner></rConnector></startConnector><endConnector><rConnector id="7a"><Owner><atr ref="6c"/></Owner></rConnector></endConnector></lcaf><llabelDoubleMuitos id="7b"><points><p colinear="true" x="977" y="758.7200353825741" c1x="-52" c1y="31" c2x="-52" c2y="31"/><p colinear="true" x="1292" y="738.6581158779301" c1x="-52" c1y="31" c2x="-52" c2y="31"/></points><startConnector><rConnector id="7c"><Owner><rel ref="74"/></Owner></rConnector></startConnector><endConnector><rConnector id="7d"><Owner><ent ref="4b"/></Owner></rConnector></endConnector><a><innerStrokeWidthFactor><double>3</double></innerStrokeWidthFactor><text><string>N</string></text></a></llabelDoubleMuitos><rel id="7e"><children><diamond id="7f" x="161" y="548" w="80" h="40"><a><fillColor><color rgba="#ffddddff"/></fillColor></a></diamond><t id="80" x="178.7021484375" y="560.7080078125"><a><text><string>atiende</string></text></a></t></children></rel><rel ref="74"/><rel id="81"><children><diamond id="82" x="511" y="468" w="80" h="40"><a><fillColor><color rgba="#ffddddff"/></fillColor></a></diamond><t id="83" x="528.4501953125" y="480.7080078125"><a><text><string>reserva</string></text></a></t></children></rel><llabelMuitos id="84"><points><p colinear="true" x="556.4914545605476" y="508" c1x="9" c1y="54" c2x="9" c2y="54"/><p colinear="true" x="601.5213819570382" y="672" c1x="9" c1y="54" c2x="9" c2y="54"/></points><startConnector><rConnector id="85"><Owner><rel ref="81"/></Owner></rConnector></startConnector><endConnector><rConnector id="86"><Owner><ent ref="36"/></Owner></rConnector></endConnector><a><text><string>N</string></text></a></llabelMuitos><llabelDoubleUm id="87"><points><p colinear="true" x="530.5505617977528" y="468" c1x="9" c1y="54" c2x="9" c2y="54"/><p colinear="true" x="480.44943820224717" y="419" c1x="9" c1y="54" c2x="9" c2y="54"/></points><startConnector><rConnector id="88"><Owner><rel ref="81"/></Owner></rConnector></startConnector><endConnector><rConnector id="89"><Owner><ent ref="c"/></Owner></rConnector></endConnector><a><innerStrokeWidthFactor><double>3</double></innerStrokeWidthFactor></a></llabelDoubleUm><llabelUm id="8a"><points><p colinear="true" x="199.79310344827587" y="588" c1x="9" c1y="54" c2x="9" c2y="54"/><p colinear="true" x="195.20689655172413" y="664" c1x="9" c1y="54" c2x="9" c2y="54"/></points><startConnector><rConnector id="8b"><Owner><rel ref="7e"/></Owner></rConnector></startConnector><endConnector><rConnector id="8c"><Owner><ent ref="1b"/></Owner></rConnector></endConnector></llabelUm><llabelDoubleMuitos id="8d"><points><p colinear="true" x="199.35616438356163" y="548" c1x="9" c1y="54" c2x="9" c2y="54"/><p colinear="true" x="190.64383561643837" y="442" c1x="9" c1y="54" c2x="9" c2y="54"/></points><startConnector><rConnector id="8e"><Owner><rel ref="7e"/></Owner></rConnector></startConnector><endConnector><rConnector id="8f"><Owner><ent ref="3"/></Owner></rConnector></endConnector><a><innerStrokeWidthFactor><double>3</double></innerStrokeWidthFactor><text><string>N</string></text></a></llabelDoubleMuitos><rel id="90"><children><diamond id="91" x="311" y="553" w="80" h="40"><a><fillColor><color rgba="#ffddddff"/></fillColor></a></diamond><t id="92" x="333.5595703125" y="565.7080078125"><a><text><string>asiste</string></text></a></t></children></rel><llabelDoubleUm id="93"><points><p colinear="true" x="391" y="591.5928177069084" c1x="9" c1y="54" c2x="9" c2y="54"/><p colinear="true" x="567.0128365175858" y="673.4071822930916" c1x="9" c1y="54" c2x="9" c2y="54"/></points><startConnector><rConnector id="94"><Owner><rel ref="90"/></Owner></rConnector></startConnector><endConnector><rConnector id="95"><Owner><ent ref="36"/></Owner></rConnector></endConnector><a><innerStrokeWidthFactor><double>3</double></innerStrokeWidthFactor></a></llabelDoubleUm><llabelMuitos id="96"><points><p colinear="true" x="329.5430463576159" y="553" c1x="9" c1y="54" c2x="9" c2y="54"/><p colinear="true" x="210.4569536423841" y="442" c1x="9" c1y="54" c2x="9" c2y="54"/></points><startConnector><rConnector id="97"><Owner><rel ref="90"/></Owner></rConnector></startConnector><endConnector><rConnector id="98"><Owner><ent ref="3"/></Owner></rConnector></endConnector><a><text><string>N</string></text></a></llabelMuitos><ent id="99"><children><r id="9a" x="214" y="180" w="90" h="60"><a><fillColor><color rgba="#ffebffe8"/></fillColor></a></r><t id="9b" x="234.958984375" y="202.7080078125"><a><text><string>persona</string></text></a></t></children></ent><atr id="9c" nullable="false" attributeType="VARCHAR2(128)"><children><e id="9d" x="224.52941176470586" y="102" w="80" h="20"><a><fillColor><color rgba="#ffffebeb"/></fillColor></a></e><t id="9e" x="241.38195082720586" y="104.7080078125"><a><text><string>nombre</string></text></a></t></children></atr><atr id="9f" nullable="false" attributeType="VARCHAR2(128)"><children><e id="a0" x="144" y="60" w="80" h="20"><a><fillColor><color rgba="#ffffebeb"/></fillColor></a></e><t id="a1" x="157.7265625" y="62.7080078125"><a><text><string>nombres</string></text></a></t></children></atr><atr id="a2" nullable="false" attributeType="VARCHAR2(128)"><children><e id="a3" x="211.52941176470586" y="24" w="110.521484375" h="20"><a><fillColor><color rgba="#ffffebeb"/></fillColor></a></e><t id="a4" x="221.52941176470586" y="26.7080078125"><a><text><string>primer apellido</string></text></a></t></children></atr><atr id="a5" nullable="false" attributeType="VARCHAR2(128)"><children><e id="a6" x="292.52941176470586" y="52" w="121.513671875" h="20"><a><fillColor><color rgba="#ffffebeb"/></fillColor></a></e><t id="a7" x="302.52941176470586" y="54.7080078125"><a><text><string>segundo apellido</string></text></a></t></children></atr><lcaf id="a8"><points><p colinear="true" x="203.1736694677871" y="80" c1x="156.52941176470586" c1y="-410" c2x="156.52941176470586" c2y="-410"/><p colinear="true" x="245.35574229691872" y="102" c1x="156.52941176470586" c1y="-410" c2x="156.52941176470586" c2y="-410"/></points><startConnector><rConnector id="a9"><Owner><atr ref="9f"/></Owner></rConnector></startConnector><endConnector><rConnector id="aa"><Owner><atr ref="9c"/></Owner></rConnector></endConnector></lcaf><lcaf id="ab"><points><p colinear="true" x="264.81925050669304" y="102" c1x="156.52941176470586" c1y="-410" c2x="156.52941176470586" c2y="-410"/><p colinear="true" x="266.5003152102187" y="44" c1x="156.52941176470586" c1y="-410" c2x="156.52941176470586" c2y="-410"/></points><startConnector><rConnector id="ac"><Owner><atr ref="9c"/></Owner></rConnector></startConnector><endConnector><rConnector id="ad"><Owner><atr ref="a2"/></Owner></rConnector></endConnector></lcaf><lcaf id="ae"><points><p colinear="true" x="282.2807789522059" y="102" c1x="156.52941176470586" c1y="-410" c2x="156.52941176470586" c2y="-410"/><p colinear="true" x="335.53488051470583" y="72" c1x="156.52941176470586" c1y="-410" c2x="156.52941176470586" c2y="-410"/></points><startConnector><rConnector id="af"><Owner><atr ref="9c"/></Owner></rConnector></startConnector><endConnector><rConnector id="b0"><Owner><atr ref="a5"/></Owner></rConnector></endConnector></lcaf><atrchave id="b1" nullable="false" attributeType="NUMBER"><children><e id="b2" x="38" y="108" w="80" h="20"><a><fillColor><color rgba="#ffffebeb"/></fillColor></a></e><t id="b3" x="55.7900390625" y="110.7080078125"><a><fontUnderlined><boolean>true</boolean></fontUnderlined><fontBold><boolean>true</boolean></fontBold><text><string>codigo</string></text></a></t></children></atrchave><atr id="b4" nullable="false" attributeType="VARCHAR2(128)"><children><e id="b5" x="416" y="89" w="80" h="20"><a><fillColor><color rgba="#ffffebeb"/></fillColor></a></e><t id="b6" x="435.1142578125" y="91.7080078125"><a><text><string>genero</string></text></a></t></children></atr><atrmulti id="b7" nullable="false" attributeType="VARCHAR2(128)"><children><e id="b8" x="449" y="161" w="80" h="20"><a><fillColor><color rgba="#ffffebeb"/></fillColor><strokeType><enum type="strokeType">DOUBLE</enum></strokeType><innerStrokeWidthFactor><double>3</double></innerStrokeWidthFactor></a></e><t id="b9" x="461.525390625" y="163.7080078125"><a><text><string>telefonos</string></text></a></t></children></atrmulti><atr id="ba" nullable="false" attributeType="VARCHAR2(128)"><children><e id="bb" x="32" y="223" w="80" h="20"><a><fillColor><color rgba="#ffffebeb"/></fillColor></a></e><t id="bc" x="45.1435546875" y="225.7080078125"><a><text><string>direccion</string></text></a></t></children></atr><lcaf id="bd"><points><p colinear="true" x="97.67391304347827" y="128" c1x="-9" c1y="-78" c2x="-9" c2y="-78"/><p colinear="true" x="214" y="187.12707182320443" c1x="-9" c1y="-78" c2x="-9" c2y="-78"/></points><startConnector><rConnector id="be"><Owner><atrchave ref="b1"/></Owner></rConnector></startConnector><endConnector><rConnector id="bf"><Owner><ent ref="99"/></Owner></rConnector></endConnector></lcaf><lcaf id="c0"><points><p colinear="true" x="263.96518607442977" y="122" c1x="-9" c1y="-78" c2x="-9" c2y="-78"/><p colinear="true" x="260.6926770708283" y="180" c1x="-9" c1y="-78" c2x="-9" c2y="-78"/></points><startConnector><rConnector id="c1"><Owner><atr ref="9c"/></Owner></rConnector></startConnector><endConnector><rConnector id="c2"><Owner><ent ref="99"/></Owner></rConnector></endConnector></lcaf><lcaf id="c3"><points><p colinear="true" x="449" y="177.7826086956522" c1x="-9" c1y="-78" c2x="-9" c2y="-78"/><p colinear="true" x="304" y="202.3695652173913" c1x="-9" c1y="-78" c2x="-9" c2y="-78"/></points><startConnector><rConnector id="c4"><Owner><atrmulti ref="b7"/></Owner></rConnector></startConnector><endConnector><rConnector id="c5"><Owner><ent ref="99"/></Owner></rConnector></endConnector></lcaf><lcaf id="c6"><points><p colinear="true" x="438.2522522522523" y="109" c1x="-9" c1y="-78" c2x="-9" c2y="-78"/><p colinear="true" x="304" y="184.64467005076142" c1x="-9" c1y="-78" c2x="-9" c2y="-78"/></points><startConnector><rConnector id="c7"><Owner><atr ref="b4"/></Owner></rConnector></startConnector><endConnector><rConnector id="c8"><Owner><ent ref="99"/></Owner></rConnector></endConnector></lcaf><lcaf id="c9"><points><p colinear="true" x="112" y="228.08021390374333" c1x="-9" c1y="-78" c2x="-9" c2y="-78"/><p colinear="true" x="214" y="215.53475935828877" c1x="-9" c1y="-78" c2x="-9" c2y="-78"/></points><startConnector><rConnector id="ca"><Owner><atr ref="ba"/></Owner></rConnector></startConnector><endConnector><rConnector id="cb"><Owner><ent ref="99"/></Owner></rConnector></endConnector></lcaf><disjuncao id="cc"><children><circ id="cd" x="249" y="269" w="20" h="20"><a><fillColor><color rgba="#fff5f2e0"/></fillColor></a></circ><tn id="ce" x="253" y="270"><a><fontBold><boolean>true</boolean></fontBold><fontSize><double>16</double></fontSize><text><string>d</string></text></a></tn></children></disjuncao><lcaf id="cf"><points><p colinear="true" x="261.10526315789474" y="240" c1x="-8.371010689615218" c1y="-78" c2x="-8.371010689615218" c2y="-78"/><p colinear="true" x="263" y="267"/><p colinear="true" x="262.3454777884308" y="269" c1x="-8.371010689615218" c1y="-78" c2x="-8.371010689615218" c2y="-78"/></points><startConnector><rConnector id="d0"><Owner><ent ref="99"/></Owner></rConnector></startConnector><endConnector><rConnector id="d1"><Owner><disjuncao ref="cc"/></Owner></rConnector></endConnector></lcaf><generalizacaoLine id="d2"><points><p colinear="true" x="253.98809882082568" y="289.4453125" c1x="0" c1y="0" c2x="0" c2y="0"/><p colinear="true" x="198.80547727832345" y="402" c1x="0" c1y="0" c2x="0" c2y="0"/></points><startConnector><rConnector id="d3"><Owner><disjuncao ref="cc"/></Owner></rConnector></startConnector><endConnector><rConnector id="d4"><Owner><ent ref="3"/></Owner></rConnector></endConnector></generalizacaoLine><generalizacaoLine id="d5"><points><p colinear="true" x="269" y="285.1817280783582" c1x="0" c1y="0" c2x="0" c2y="0"/><p colinear="true" x="426.4377262498777" y="379" c1x="0" c1y="0" c2x="0" c2y="0"/></points><startConnector><rConnector id="d6"><Owner><disjuncao ref="cc"/></Owner></rConnector></startConnector><endConnector><rConnector id="d7"><Owner><ent ref="c"/></Owner></rConnector></endConnector></generalizacaoLine><lcaf id="d8"><points><p colinear="true" x="500" y="392.94736842105266" c1x="-1" c1y="-52" c2x="-1" c2y="-52"/><p colinear="true" x="572" y="382.0526315789474" c1x="-1" c1y="-52" c2x="-1" c2y="-52"/></points><startConnector><rConnector id="d9"><Owner><ent ref="c"/></Owner></rConnector></startConnector><endConnector><rConnector id="da"><Owner><atrmulti ref="0"/></Owner></rConnector></endConnector></lcaf><llabelDoubleMuitos id="db"><points><p colinear="true" x="874" y="750.6808624856899" c1x="0" c1y="0" c2x="0" c2y="0"/><p colinear="true" x="647.0128365175858" y="700.7915631179108" c1x="0" c1y="0" c2x="0" c2y="0"/></points><startConnector><rConnector id="dc"><Owner><rel ref="74"/></Owner></rConnector></startConnector><endConnector><rConnector id="dd"><Owner><ent ref="36"/></Owner></rConnector></endConnector><a><innerStrokeWidthFactor><double>3</double></innerStrokeWidthFactor><text><string>M</string></text></a></llabelDoubleMuitos></figures></drawing>