<drawing><figures><lcaf id="0"><points><p colinear="true" x="204.27848101265823" y="525" c1x="-260" c1y="469" c2x="-260" c2y="469"/><p colinear="true" x="166.44303797468353" y="574" c1x="-260" c1y="469" c2x="-260" c2y="469"/></points><startConnector><rConnector id="1"><Owner><atr id="2" nullable="false" attributeType="VARCHAR2(128)"><children><e id="3" x="172" y="505" w="80" h="20"><a><fillColor><color rgba="#ffffebeb"/></fillColor></a></e><t id="4" x="188.1611328125" y="507.7080078125"><a><text><string>Nombre</string></text></a></t></children></atr></Owner></rConnector></startConnector><endConnector><rConnector id="5"><Owner><ent id="6"><children><r id="7" x="111" y="574" w="80" h="40"><a><fillColor><color rgba="#ffebffe8"/></fillColor></a></r><t id="8" x="122.30078125" y="586.7080078125"><a><text><string>Carnicero</string></text></a></t></children></ent></Owner></rConnector></endConnector></lcaf><atr ref="2"/><lcaf id="9"><points><p colinear="true" x="92.3095703125" y="529" c1x="-260" c1y="469" c2x="-260" c2y="469"/><p colinear="true" x="132.94140625" y="574" c1x="-260" c1y="469" c2x="-260" c2y="469"/></points><startConnector><rConnector id="a"><Owner><atrchave id="b" nullable="false" attributeType="NUMBER"><children><e id="c" x="33" y="509" w="100.560546875" h="20"><a><fillColor><color rgba="#ffffebeb"/></fillColor></a></e><t id="d" x="75.0244140625" y="511.7080078125"><a><fontUnderlined><boolean>true</boolean></fontUnderlined><fontBold><boolean>true</boolean></fontBold><text><string>ID</string></text></a></t></children></atrchave></Owner></rConnector></startConnector><endConnector><rConnector id="e"><Owner><ent ref="6"/></Owner></rConnector></endConnector></lcaf><atrchave ref="b"/><lcaf id="f"><points><p colinear="true" x="206.44117647058823" y="652" c1x="-260" c1y="469" c2x="-260" c2y="469"/><p colinear="true" x="170.11764705882354" y="614" c1x="-260" c1y="469" c2x="-260" c2y="469"/></points><startConnector><rConnector id="10"><Owner><atr id="11" nullable="false" attributeType="VARCHAR2(128)"><children><e id="12" x="176" y="652" w="80" h="20"><a><fillColor><color rgba="#ffffebeb"/></fillColor></a></e><t id="13" x="201.1259765625" y="654.7080078125"><a><text><string>Edad</string></text></a></t></children></atr></Owner></rConnector></startConnector><endConnector><rConnector id="14"><Owner><ent ref="6"/></Owner></rConnector></endConnector></lcaf><ent ref="6"/><atr ref="11"/><ent id="15"><children><r id="16" x="101" y="93" w="80" h="40"><a><fillColor><color rgba="#ffebffe8"/></fillColor></a></r><t id="17" x="120.2080078125" y="105.7080078125"><a><text><string>Cliente</string></text></a></t></children></ent><atrchave id="18" nullable="false" attributeType="NUMBER"><children><e id="19" x="19" y="48" w="100.560546875" h="20"><a><fillColor><color rgba="#ffffebeb"/></fillColor></a></e><t id="1a" x="61.0244140625" y="50.7080078125"><a><fontUnderlined><boolean>true</boolean></fontUnderlined><fontBold><boolean>true</boolean></fontBold><text><string>ID</string></text></a></t></children></atrchave><atr id="1b" nullable="false" attributeType="VARCHAR2(128)"><children><e id="1c" x="159" y="43" w="80" h="20"><a><fillColor><color rgba="#ffffebeb"/></fillColor></a></e><t id="1d" x="175.1611328125" y="45.7080078125"><a><text><string>Nombre</string></text></a></t></children></atr><atr id="1e" nullable="false" attributeType="VARCHAR2(128)"><children><e id="1f" x="31" y="158" w="80" h="20"><a><fillColor><color rgba="#ffffebeb"/></fillColor></a></e><t id="20" x="45.318359375" y="160.7080078125"><a><text><string>Telefono</string></text></a></t></children></atr><atr id="21" nullable="false" attributeType="VARCHAR2(128)"><children><e id="22" x="167" y="159" w="80" h="20"><a><fillColor><color rgba="#ffffebeb"/></fillColor></a></e><t id="23" x="187.1572265625" y="161.7080078125"><a><text><string>Dinero</string></text></a></t></children></atr><lcaf id="24"><points><p colinear="true" x="82.3202237215909" y="68" c1x="7" c1y="-3" c2x="7" c2y="-3"/><p colinear="true" x="114.9200994318182" y="93" c1x="7" c1y="-3" c2x="7" c2y="-3"/></points><startConnector><rConnector id="25"><Owner><atrchave ref="18"/></Owner></rConnector></startConnector><endConnector><rConnector id="26"><Owner><ent ref="15"/></Owner></rConnector></endConnector></lcaf><lcaf id="27"><points><p colinear="true" x="189.33333333333334" y="63" c1x="7" c1y="-3" c2x="7" c2y="-3"/><p colinear="true" x="160.33333333333331" y="93" c1x="7" c1y="-3" c2x="7" c2y="-3"/></points><startConnector><rConnector id="28"><Owner><atr ref="1b"/></Owner></rConnector></startConnector><endConnector><rConnector id="29"><Owner><ent ref="15"/></Owner></rConnector></endConnector></lcaf><lcaf id="2a"><points><p colinear="true" x="83.72727272727272" y="158" c1x="9" c1y="-0.42105263157895934" c2x="9" c2y="-0.42105263157895934"/><p colinear="true" x="115.54545454545455" y="133" c1x="9" c1y="-0.42105263157895934" c2x="9" c2y="-0.42105263157895934"/></points><startConnector><rConnector id="2b"><Owner><atr ref="1e"/></Owner></rConnector></startConnector><endConnector><rConnector id="2c"><Owner><ent ref="15"/></Owner></rConnector></endConnector></lcaf><lcaf id="2d"><points><p colinear="true" x="195.21428571428572" y="159" c1x="7" c1y="-3" c2x="7" c2y="-3"/><p colinear="true" x="164.57142857142858" y="133" c1x="7" c1y="-3" c2x="7" c2y="-3"/></points><startConnector><rConnector id="2e"><Owner><atr ref="21"/></Owner></rConnector></startConnector><endConnector><rConnector id="2f"><Owner><ent ref="15"/></Owner></rConnector></endConnector></lcaf><atrchave id="30" nullable="false" attributeType="NUMBER"><children><e id="31" x="289" y="47" w="100.560546875" h="20"><a><fillColor><color rgba="#ffffebeb"/></fillColor></a></e><t id="32" x="331.0244140625" y="49.7080078125"><a><fontUnderlined><boolean>true</boolean></fontUnderlined><fontBold><boolean>true</boolean></fontBold><text><string>ID</string></text></a></t></children></atrchave><atr id="33" nullable="false" attributeType="VARCHAR2(128)"><children><e id="34" x="428" y="43" w="80" h="20"><a><fillColor><color rgba="#ffffebeb"/></fillColor></a></e><t id="35" x="444.1611328125" y="45.7080078125"><a><text><string>Nombre</string></text></a></t></children></atr><atr id="36" nullable="false" attributeType="VARCHAR2(128)"><children><e id="37" x="432" y="190" w="80" h="20"><a><fillColor><color rgba="#ffffebeb"/></fillColor></a></e><t id="38" x="457.1259765625" y="192.7080078125"><a><text><string>Edad</string></text></a></t></children></atr><ent id="39"><children><r id="3a" x="627" y="113" w="80" h="40"><a><fillColor><color rgba="#ffebffe8"/></fillColor></a></r><t id="3b" x="649.275390625" y="125.7080078125"><a><text><string>Carne</string></text></a></t></children></ent><atrchave id="3c" nullable="false" attributeType="NUMBER"><children><e id="3d" x="546" y="56" w="100.560546875" h="20"><a><fillColor><color rgba="#ffffebeb"/></fillColor></a></e><t id="3e" x="588.0244140625" y="58.7080078125"><a><fontUnderlined><boolean>true</boolean></fontUnderlined><fontBold><boolean>true</boolean></fontBold><text><string>ID</string></text></a></t></children></atrchave><atr id="3f" nullable="false" attributeType="VARCHAR2(128)"><children><e id="40" x="701" y="58" w="80" h="20"><a><fillColor><color rgba="#ffffebeb"/></fillColor></a></e><t id="41" x="724.669921875" y="60.7080078125"><a><text><string>Corte</string></text></a></t></children></atr><atr id="42" nullable="false" attributeType="VARCHAR2(128)"><children><e id="43" x="568" y="194" w="80" h="20"><a><fillColor><color rgba="#ffffebeb"/></fillColor></a></e><t id="44" x="589.8330078125" y="196.7080078125"><a><text><string>Precio</string></text></a></t></children></atr><atr id="45" nullable="false" attributeType="VARCHAR2(128)"><children><e id="46" x="695" y="203" w="80" h="20"><a><fillColor><color rgba="#ffffebeb"/></fillColor></a></e><t id="47" x="708.3193359375" y="205.7080078125"><a><text><string>Cantidad</string></text></a></t></children></atr><lcaf id="48"><points><p colinear="true" x="606.8354565065299" y="76" c1x="528" c1y="-4" c2x="528" c2y="-4"/><p colinear="true" x="645.8896338619403" y="113" c1x="528" c1y="-4" c2x="528" c2y="-4"/></points><startConnector><rConnector id="49"><Owner><atrchave ref="3c"/></Owner></rConnector></startConnector><endConnector><rConnector id="4a"><Owner><ent ref="39"/></Owner></rConnector></endConnector></lcaf><lcaf id="4b"><points><p colinear="true" x="729.6153846153846" y="78" c1x="528" c1y="-4" c2x="528" c2y="-4"/><p colinear="true" x="689.7692307692307" y="113" c1x="528" c1y="-4" c2x="528" c2y="-4"/></points><startConnector><rConnector id="4c"><Owner><atr ref="3f"/></Owner></rConnector></startConnector><endConnector><rConnector id="4d"><Owner><ent ref="39"/></Owner></rConnector></endConnector></lcaf><lcaf id="4e"><points><p colinear="true" x="726.5" y="203" c1x="528" c1y="-4" c2x="528" c2y="-4"/><p colinear="true" x="684" y="153" c1x="528" c1y="-4" c2x="528" c2y="-4"/></points><startConnector><rConnector id="4f"><Owner><atr ref="45"/></Owner></rConnector></startConnector><endConnector><rConnector id="50"><Owner><ent ref="39"/></Owner></rConnector></endConnector></lcaf><ent id="51"><children><r id="52" x="897" y="100" w="80" h="40"><a><fillColor><color rgba="#ffebffe8"/></fillColor></a></r><t id="53" x="916.87890625" y="112.7080078125"><a><text><string>Puesto</string></text></a></t></children></ent><atrchave id="54" nullable="false" attributeType="NUMBER"><children><e id="55" x="822" y="57" w="100.560546875" h="20"><a><fillColor><color rgba="#ffffebeb"/></fillColor></a></e><t id="56" x="864.0244140625" y="59.7080078125"><a><fontUnderlined><boolean>true</boolean></fontUnderlined><fontBold><boolean>true</boolean></fontBold><text><string>ID</string></text></a></t></children></atrchave><atr id="57" nullable="false" attributeType="VARCHAR2(128)"><children><e id="58" x="964" y="55" w="80" h="20"><a><fillColor><color rgba="#ffffebeb"/></fillColor></a></e><t id="59" x="989.33984375" y="57.7080078125"><a><text><string>Calle</string></text></a></t></children></atr><atr id="5a" nullable="false" attributeType="VARCHAR2(128)"><children><e id="5b" x="832" y="170" w="80" h="20"><a><fillColor><color rgba="#ffffebeb"/></fillColor></a></e><t id="5c" x="837.39453125" y="172.7080078125"><a><text><string>Descripcion</string></text></a></t></children></atr><lcaf id="5d"><points><p colinear="true" x="884.4915426002359" y="77" c1x="804" c1y="-3" c2x="804" c2y="-3"/><p colinear="true" x="912.5774616745283" y="100" c1x="804" c1y="-3" c2x="804" c2y="-3"/></points><startConnector><rConnector id="5e"><Owner><atrchave ref="54"/></Owner></rConnector></startConnector><endConnector><rConnector id="5f"><Owner><ent ref="51"/></Owner></rConnector></endConnector></lcaf><lcaf id="60"><points><p colinear="true" x="991.8181818181819" y="75" c1x="804" c1y="-3" c2x="804" c2y="-3"/><p colinear="true" x="961.3636363636364" y="100" c1x="804" c1y="-3" c2x="804" c2y="-3"/></points><startConnector><rConnector id="61"><Owner><atr ref="57"/></Owner></rConnector></startConnector><endConnector><rConnector id="62"><Owner><ent ref="51"/></Owner></rConnector></endConnector></lcaf><atr id="63" nullable="false" attributeType="VARCHAR2(128)"><children><e id="64" x="971" y="172" w="104.720703125" h="20"><a><fillColor><color rgba="#ffffebeb"/></fillColor></a></e><t id="65" x="1001.197265625" y="174.7080078125"><a><text><string>Horario</string></text></a></t></children></atr><lcaf id="66"><points><p colinear="true" x="964.8581779233871" y="140" c1x="0" c1y="0" c2x="0" c2y="0"/><p colinear="true" x="1009.4312626008065" y="172" c1x="0" c1y="0" c2x="0" c2y="0"/></points><startConnector><rConnector id="67"><Owner><ent ref="51"/></Owner></rConnector></startConnector><endConnector><rConnector id="68"><Owner><atr ref="63"/></Owner></rConnector></endConnector></lcaf><ent id="69"><children><r id="6a" x="101" y="285" w="80" h="40"><a><fillColor><color rgba="#ffebffe8"/></fillColor></a></r><t id="6b" x="110.5400390625" y="297.7080078125"><a><text><string>Proveedor</string></text></a></t></children></ent><atrchave id="6c" nullable="false" attributeType="NUMBER"><children><e id="6d" x="32" y="235" w="100.560546875" h="20"><a><fillColor><color rgba="#ffffebeb"/></fillColor></a></e><t id="6e" x="74.0244140625" y="237.7080078125"><a><fontUnderlined><boolean>true</boolean></fontUnderlined><fontBold><boolean>true</boolean></fontBold><text><string>ID</string></text></a></t></children></atrchave><atr id="6f" nullable="false" attributeType="VARCHAR2(128)"><children><e id="70" x="172" y="242" w="80" h="20"><a><fillColor><color rgba="#ffffebeb"/></fillColor></a></e><t id="71" x="186.318359375" y="244.7080078125"><a><text><string>Telefono</string></text></a></t></children></atr><atr id="72" nullable="false" attributeType="VARCHAR2(128)"><children><e id="73" x="37" y="356" w="80" h="20"><a><fillColor><color rgba="#ffffebeb"/></fillColor></a></e><t id="74" x="53.1611328125" y="358.7080078125"><a><text><string>Nombre</string></text></a></t></children></atr><atr id="75" nullable="false" attributeType="VARCHAR2(128)"><children><e id="76" x="176" y="355" w="80" h="20"><a><fillColor><color rgba="#ffffebeb"/></fillColor></a></e><t id="77" x="188.2587890625" y="357.7080078125"><a><text><string>Direccion</string></text></a></t></children></atr><lcaf id="78"><points><p colinear="true" x="198.60377358490567" y="262" c1x="18" c1y="177" c2x="18" c2y="177"/><p colinear="true" x="167.79245283018867" y="285" c1x="18" c1y="177" c2x="18" c2y="177"/></points><startConnector><rConnector id="79"><Owner><atr ref="6f"/></Owner></rConnector></startConnector><endConnector><rConnector id="7a"><Owner><ent ref="69"/></Owner></rConnector></endConnector></lcaf><lcaf id="7b"><points><p colinear="true" x="87.49180327868852" y="356" c1x="20" c1y="179.57894736842104" c2x="20" c2y="179.57894736842104"/><p colinear="true" x="120.01639344262294" y="325" c1x="20" c1y="179.57894736842104" c2x="20" c2y="179.57894736842104"/></points><startConnector><rConnector id="7c"><Owner><atr ref="72"/></Owner></rConnector></startConnector><endConnector><rConnector id="7d"><Owner><ent ref="69"/></Owner></rConnector></endConnector></lcaf><lcaf id="7e"><points><p colinear="true" x="203.5" y="355" c1x="18" c1y="177" c2x="18" c2y="177"/><p colinear="true" x="166" y="325" c1x="18" c1y="177" c2x="18" c2y="177"/></points><startConnector><rConnector id="7f"><Owner><atr ref="75"/></Owner></rConnector></startConnector><endConnector><rConnector id="80"><Owner><ent ref="69"/></Owner></rConnector></endConnector></lcaf><ent id="81"><children><r id="82" x="367" y="112" w="80" h="40"><a><fillColor><color rgba="#ffebffe8"/></fillColor></a></r><t id="83" x="378.30078125" y="124.7080078125"><a><text><string>Carnicero</string></text></a></t></children></ent><atr id="84" nullable="false" attributeType="VARCHAR2(128)"><children><e id="85" x="291" y="183" w="80" h="20"><a><fillColor><color rgba="#ffffebeb"/></fillColor></a></e><t id="86" x="296.388671875" y="185.7080078125"><a><text><string>Experiencia</string></text></a></t></children></atr><lcaf id="87"><points><p colinear="true" x="348.3095703125" y="67" c1x="-4" c1y="7" c2x="-4" c2y="7"/><p colinear="true" x="388.94140625" y="112" c1x="-4" c1y="7" c2x="-4" c2y="7"/></points><startConnector><rConnector id="88"><Owner><atrchave ref="30"/></Owner></rConnector></startConnector><endConnector><rConnector id="89"><Owner><ent ref="81"/></Owner></rConnector></endConnector></lcaf><lcaf id="8a"><points><p colinear="true" x="92.06689453125" y="255" c1x="0" c1y="0" c2x="0" c2y="0"/><p colinear="true" x="121.42675781249997" y="285" c1x="0" c1y="0" c2x="0" c2y="0"/></points><startConnector><rConnector id="8b"><Owner><atrchave ref="6c"/></Owner></rConnector></startConnector><endConnector><rConnector id="8c"><Owner><ent ref="69"/></Owner></rConnector></endConnector></lcaf><lcaf id="8d"><points><p colinear="true" x="343.45901639344265" y="183" c1x="-4" c1y="7" c2x="-4" c2y="7"/><p colinear="true" x="382.08196721311475" y="152" c1x="-4" c1y="7" c2x="-4" c2y="7"/></points><startConnector><rConnector id="8e"><Owner><atr ref="84"/></Owner></rConnector></startConnector><endConnector><rConnector id="8f"><Owner><ent ref="81"/></Owner></rConnector></endConnector></lcaf><lcaf id="90"><points><p colinear="true" x="460.27848101265823" y="63" c1x="-4" c1y="7" c2x="-4" c2y="7"/><p colinear="true" x="422.44303797468353" y="112" c1x="-4" c1y="7" c2x="-4" c2y="7"/></points><startConnector><rConnector id="91"><Owner><atr ref="33"/></Owner></rConnector></startConnector><endConnector><rConnector id="92"><Owner><ent ref="81"/></Owner></rConnector></endConnector></lcaf><lcaf id="93"><points><p colinear="true" x="462.44117647058823" y="190" c1x="-4" c1y="7" c2x="-4" c2y="7"/><p colinear="true" x="426.11764705882354" y="152" c1x="-4" c1y="7" c2x="-4" c2y="7"/></points><startConnector><rConnector id="94"><Owner><atr ref="36"/></Owner></rConnector></startConnector><endConnector><rConnector id="95"><Owner><ent ref="81"/></Owner></rConnector></endConnector></lcaf><lcaf id="96"><points><p colinear="true" x="616.3098591549295" y="194" c1x="0" c1y="0" c2x="0" c2y="0"/><p colinear="true" x="650.3802816901408" y="153" c1x="0" c1y="0" c2x="0" c2y="0"/></points><startConnector><rConnector id="97"><Owner><atr ref="42"/></Owner></rConnector></startConnector><endConnector><rConnector id="98"><Owner><ent ref="39"/></Owner></rConnector></endConnector></lcaf><lcaf id="99"><points><p colinear="true" x="882.8333333333334" y="170" c1x="0" c1y="0" c2x="0" c2y="0"/><p colinear="true" x="915.3333333333334" y="140" c1x="0" c1y="0" c2x="0" c2y="0"/></points><startConnector><rConnector id="9a"><Owner><atr ref="5a"/></Owner></rConnector></startConnector><endConnector><rConnector id="9b"><Owner><ent ref="51"/></Owner></rConnector></endConnector></lcaf><ent id="9c"><children><r id="9d" x="518" y="360" w="80" h="40"><a><fillColor><color rgba="#ffebffe8"/></fillColor></a></r><t id="9e" x="527.5400390625" y="372.7080078125"><a><text><string>Proveedor</string></text></a></t></children></ent><atrchave id="9f" nullable="false" attributeType="NUMBER"><children><e id="a0" x="449" y="310" w="100.560546875" h="20"><a><fillColor><color rgba="#ffffebeb"/></fillColor></a></e><t id="a1" x="491.0244140625" y="312.7080078125"><a><fontUnderlined><boolean>true</boolean></fontUnderlined><fontBold><boolean>true</boolean></fontBold><text><string>ID</string></text></a></t></children></atrchave><atr id="a2" nullable="false" attributeType="VARCHAR2(128)"><children><e id="a3" x="589" y="317" w="80" h="20"><a><fillColor><color rgba="#ffffebeb"/></fillColor></a></e><t id="a4" x="603.318359375" y="319.7080078125"><a><text><string>Telefono</string></text></a></t></children></atr><atr id="a5" nullable="false" attributeType="VARCHAR2(128)"><children><e id="a6" x="454" y="431" w="80" h="20"><a><fillColor><color rgba="#ffffebeb"/></fillColor></a></e><t id="a7" x="470.1611328125" y="433.7080078125"><a><text><string>Nombre</string></text></a></t></children></atr><atr id="a8" nullable="false" attributeType="VARCHAR2(128)"><children><e id="a9" x="593" y="430" w="80" h="20"><a><fillColor><color rgba="#ffffebeb"/></fillColor></a></e><t id="aa" x="605.2587890625" y="432.7080078125"><a><text><string>Direccion</string></text></a></t></children></atr><lcaf id="ab"><points><p colinear="true" x="615.6037735849056" y="337" c1x="435" c1y="252" c2x="435" c2y="252"/><p colinear="true" x="584.7924528301887" y="360" c1x="435" c1y="252" c2x="435" c2y="252"/></points><startConnector><rConnector id="ac"><Owner><atr ref="a2"/></Owner></rConnector></startConnector><endConnector><rConnector id="ad"><Owner><ent ref="9c"/></Owner></rConnector></endConnector></lcaf><lcaf id="ae"><points><p colinear="true" x="504.4918032786885" y="431" c1x="437" c1y="254.57894736842104" c2x="437" c2y="254.57894736842104"/><p colinear="true" x="537.016393442623" y="400" c1x="437" c1y="254.57894736842104" c2x="437" c2y="254.57894736842104"/></points><startConnector><rConnector id="af"><Owner><atr ref="a5"/></Owner></rConnector></startConnector><endConnector><rConnector id="b0"><Owner><ent ref="9c"/></Owner></rConnector></endConnector></lcaf><lcaf id="b1"><points><p colinear="true" x="620.5" y="430" c1x="435" c1y="252" c2x="435" c2y="252"/><p colinear="true" x="583" y="400" c1x="435" c1y="252" c2x="435" c2y="252"/></points><startConnector><rConnector id="b2"><Owner><atr ref="a8"/></Owner></rConnector></startConnector><endConnector><rConnector id="b3"><Owner><ent ref="9c"/></Owner></rConnector></endConnector></lcaf><lcaf id="b4"><points><p colinear="true" x="509.06689453125" y="330" c1x="417" c1y="75" c2x="417" c2y="75"/><p colinear="true" x="538.4267578125" y="360" c1x="417" c1y="75" c2x="417" c2y="75"/></points><startConnector><rConnector id="b5"><Owner><atrchave ref="9f"/></Owner></rConnector></startConnector><endConnector><rConnector id="b6"><Owner><ent ref="9c"/></Owner></rConnector></endConnector></lcaf><ent id="b7"><children><r id="b8" x="994" y="374" w="80" h="40"><a><fillColor><color rgba="#ffebffe8"/></fillColor></a></r><t id="b9" x="1016.275390625" y="386.7080078125"><a><text><string>Carne</string></text></a></t></children></ent><atrchave id="ba" nullable="false" attributeType="NUMBER"><children><e id="bb" x="913" y="317" w="100.560546875" h="20"><a><fillColor><color rgba="#ffffebeb"/></fillColor></a></e><t id="bc" x="955.0244140625" y="319.7080078125"><a><fontUnderlined><boolean>true</boolean></fontUnderlined><fontBold><boolean>true</boolean></fontBold><text><string>ID</string></text></a></t></children></atrchave><atr id="bd" nullable="false" attributeType="VARCHAR2(128)"><children><e id="be" x="1068" y="319" w="80" h="20"><a><fillColor><color rgba="#ffffebeb"/></fillColor></a></e><t id="bf" x="1091.669921875" y="321.7080078125"><a><text><string>Corte</string></text></a></t></children></atr><atr id="c0" nullable="false" attributeType="VARCHAR2(128)"><children><e id="c1" x="935" y="455" w="80" h="20"><a><fillColor><color rgba="#ffffebeb"/></fillColor></a></e><t id="c2" x="956.8330078125" y="457.7080078125"><a><text><string>Precio</string></text></a></t></children></atr><atr id="c3" nullable="false" attributeType="VARCHAR2(128)"><children><e id="c4" x="1062" y="464" w="80" h="20"><a><fillColor><color rgba="#ffffebeb"/></fillColor></a></e><t id="c5" x="1075.3193359375" y="466.7080078125"><a><text><string>Cantidad</string></text></a></t></children></atr><lcaf id="c6"><points><p colinear="true" x="973.8354565065299" y="337" c1x="895" c1y="257" c2x="895" c2y="257"/><p colinear="true" x="1012.8896338619403" y="374" c1x="895" c1y="257" c2x="895" c2y="257"/></points><startConnector><rConnector id="c7"><Owner><atrchave ref="ba"/></Owner></rConnector></startConnector><endConnector><rConnector id="c8"><Owner><ent ref="b7"/></Owner></rConnector></endConnector></lcaf><lcaf id="c9"><points><p colinear="true" x="1096.6153846153845" y="339" c1x="895" c1y="257" c2x="895" c2y="257"/><p colinear="true" x="1056.7692307692307" y="374" c1x="895" c1y="257" c2x="895" c2y="257"/></points><startConnector><rConnector id="ca"><Owner><atr ref="bd"/></Owner></rConnector></startConnector><endConnector><rConnector id="cb"><Owner><ent ref="b7"/></Owner></rConnector></endConnector></lcaf><lcaf id="cc"><points><p colinear="true" x="1093.5" y="464" c1x="895" c1y="257" c2x="895" c2y="257"/><p colinear="true" x="1051" y="414" c1x="895" c1y="257" c2x="895" c2y="257"/></points><startConnector><rConnector id="cd"><Owner><atr ref="c3"/></Owner></rConnector></startConnector><endConnector><rConnector id="ce"><Owner><ent ref="b7"/></Owner></rConnector></endConnector></lcaf><lcaf id="cf"><points><p colinear="true" x="983.3098591549295" y="455" c1x="367" c1y="261" c2x="367" c2y="261"/><p colinear="true" x="1017.3802816901408" y="414" c1x="367" c1y="261" c2x="367" c2y="261"/></points><startConnector><rConnector id="d0"><Owner><atr ref="c0"/></Owner></rConnector></startConnector><endConnector><rConnector id="d1"><Owner><ent ref="b7"/></Owner></rConnector></endConnector></lcaf><rel id="d2"><children><diamond id="d3" x="747" y="390" w="91.150390625" h="32"><a><fillColor><color rgba="#ffddddff"/></fillColor></a></diamond><t id="d4" x="757" y="398.7080078125"><a><text><string>Proporciona</string></text></a></t></children></rel><lcaf id="d5"><points><p colinear="true" x="747" y="400.94850648404486" c1x="0" c1y="0" c2x="0" c2y="0"/><p colinear="true" x="598" y="384.4335463458296" c1x="0" c1y="0" c2x="0" c2y="0"/></points><startConnector><rConnector id="d6"><Owner><rel ref="d2"/></Owner></rConnector></startConnector><endConnector><rConnector id="d7"><Owner><ent ref="9c"/></Owner></rConnector></endConnector></lcaf><lcaf id="d8"><points><p colinear="true" x="838.150390625" y="403.7346886768412" c1x="0" c1y="0" c2x="0" c2y="0"/><p colinear="true" x="994" y="395.9881967000918" c1x="0" c1y="0" c2x="0" c2y="0"/></points><startConnector><rConnector id="d9"><Owner><rel ref="d2"/></Owner></rConnector></startConnector><endConnector><rConnector id="da"><Owner><ent ref="b7"/></Owner></rConnector></endConnector></lcaf><atr id="db" nullable="false" attributeType="VARCHAR2(128)"><children><e id="dc" x="28" y="647" w="80" h="20"><a><fillColor><color rgba="#ffffebeb"/></fillColor></a></e><t id="dd" x="33.388671875" y="649.7080078125"><a><text><string>Experiencia</string></text></a></t></children></atr><lcaf id="de"><points><p colinear="true" x="124.65079365079366" y="614" c1x="0" c1y="0" c2x="0" c2y="0"/><p colinear="true" x="81.17460317460318" y="647" c1x="0" c1y="0" c2x="0" c2y="0"/></points><startConnector><rConnector id="df"><Owner><ent ref="6"/></Owner></rConnector></startConnector><endConnector><rConnector id="e0"><Owner><atr ref="db"/></Owner></rConnector></endConnector></lcaf><ent id="e1"><children><r id="e2" x="479" y="554" w="80" h="40"><a><fillColor><color rgba="#ffebffe8"/></fillColor></a></r><t id="e3" x="501.275390625" y="566.7080078125"><a><text><string>Carne</string></text></a></t></children></ent><atrchave id="e4" nullable="false" attributeType="NUMBER"><children><e id="e5" x="398" y="497" w="100.560546875" h="20"><a><fillColor><color rgba="#ffffebeb"/></fillColor></a></e><t id="e6" x="440.0244140625" y="499.7080078125"><a><fontUnderlined><boolean>true</boolean></fontUnderlined><fontBold><boolean>true</boolean></fontBold><text><string>ID</string></text></a></t></children></atrchave><atr id="e7" nullable="false" attributeType="VARCHAR2(128)"><children><e id="e8" x="553" y="499" w="80" h="20"><a><fillColor><color rgba="#ffffebeb"/></fillColor></a></e><t id="e9" x="576.669921875" y="501.7080078125"><a><text><string>Corte</string></text></a></t></children></atr><atr id="ea" nullable="false" attributeType="VARCHAR2(128)"><children><e id="eb" x="420" y="635" w="80" h="20"><a><fillColor><color rgba="#ffffebeb"/></fillColor></a></e><t id="ec" x="441.8330078125" y="637.7080078125"><a><text><string>Precio</string></text></a></t></children></atr><atr id="ed" nullable="false" attributeType="VARCHAR2(128)"><children><e id="ee" x="547" y="644" w="80" h="20"><a><fillColor><color rgba="#ffffebeb"/></fillColor></a></e><t id="ef" x="560.3193359375" y="646.7080078125"><a><text><string>Cantidad</string></text></a></t></children></atr><lcaf id="f0"><points><p colinear="true" x="458.83545650652985" y="517" c1x="380" c1y="437" c2x="380" c2y="437"/><p colinear="true" x="497.8896338619403" y="554" c1x="380" c1y="437" c2x="380" c2y="437"/></points><startConnector><rConnector id="f1"><Owner><atrchave ref="e4"/></Owner></rConnector></startConnector><endConnector><rConnector id="f2"><Owner><ent ref="e1"/></Owner></rConnector></endConnector></lcaf><lcaf id="f3"><points><p colinear="true" x="581.6153846153846" y="519" c1x="380" c1y="437" c2x="380" c2y="437"/><p colinear="true" x="541.7692307692307" y="554" c1x="380" c1y="437" c2x="380" c2y="437"/></points><startConnector><rConnector id="f4"><Owner><atr ref="e7"/></Owner></rConnector></startConnector><endConnector><rConnector id="f5"><Owner><ent ref="e1"/></Owner></rConnector></endConnector></lcaf><lcaf id="f6"><points><p colinear="true" x="578.5" y="644" c1x="380" c1y="437" c2x="380" c2y="437"/><p colinear="true" x="536" y="594" c1x="380" c1y="437" c2x="380" c2y="437"/></points><startConnector><rConnector id="f7"><Owner><atr ref="ed"/></Owner></rConnector></startConnector><endConnector><rConnector id="f8"><Owner><ent ref="e1"/></Owner></rConnector></endConnector></lcaf><lcaf id="f9"><points><p colinear="true" x="468.3098591549296" y="635" c1x="-148" c1y="441" c2x="-148" c2y="441"/><p colinear="true" x="502.38028169014086" y="594" c1x="-148" c1y="441" c2x="-148" c2y="441"/></points><startConnector><rConnector id="fa"><Owner><atr ref="ea"/></Owner></rConnector></startConnector><endConnector><rConnector id="fb"><Owner><ent ref="e1"/></Owner></rConnector></endConnector></lcaf><rel id="fc"><children><diamond id="fd" x="325" y="563" w="64" h="32"><a><fillColor><color rgba="#ffddddff"/></fillColor></a></diamond><t id="fe" x="340.640625" y="571.7080078125"><a><text><string>Corta</string></text></a></t></children></rel><lcaf id="ff"><points><p colinear="true" x="325" y="581.3300970873786" c1x="0" c1y="0" c2x="0" c2y="0"/><p colinear="true" x="191" y="591.0873786407767" c1x="0" c1y="0" c2x="0" c2y="0"/></points><startConnector><rConnector id="100"><Owner><rel ref="fc"/></Owner></rConnector></startConnector><endConnector><rConnector id="101"><Owner><ent ref="6"/></Owner></rConnector></endConnector></lcaf><lcaf id="102"><points><p colinear="true" x="389" y="578.0123456790124" c1x="0" c1y="0" c2x="0" c2y="0"/><p colinear="true" x="479" y="575.2345679012345" c1x="0" c1y="0" c2x="0" c2y="0"/></points><startConnector><rConnector id="103"><Owner><rel ref="fc"/></Owner></rConnector></startConnector><endConnector><rConnector id="104"><Owner><ent ref="e1"/></Owner></rConnector></endConnector></lcaf><ent id="105"><children><r id="106" x="779" y="557" w="80" h="40"><a><fillColor><color rgba="#ffebffe8"/></fillColor></a></r><t id="107" x="798.2080078125" y="569.7080078125"><a><text><string>Cliente</string></text></a></t></children></ent><atrchave id="108" nullable="false" attributeType="NUMBER"><children><e id="109" x="697" y="512" w="100.560546875" h="20"><a><fillColor><color rgba="#ffffebeb"/></fillColor></a></e><t id="10a" x="739.0244140625" y="514.7080078125"><a><fontUnderlined><boolean>true</boolean></fontUnderlined><fontBold><boolean>true</boolean></fontBold><text><string>ID</string></text></a></t></children></atrchave><atr id="10b" nullable="false" attributeType="VARCHAR2(128)"><children><e id="10c" x="837" y="507" w="80" h="20"><a><fillColor><color rgba="#ffffebeb"/></fillColor></a></e><t id="10d" x="853.1611328125" y="509.7080078125"><a><text><string>Nombre</string></text></a></t></children></atr><atr id="10e" nullable="false" attributeType="VARCHAR2(128)"><children><e id="10f" x="709" y="622" w="80" h="20"><a><fillColor><color rgba="#ffffebeb"/></fillColor></a></e><t id="110" x="723.318359375" y="624.7080078125"><a><text><string>Telefono</string></text></a></t></children></atr><atr id="111" nullable="false" attributeType="VARCHAR2(128)"><children><e id="112" x="845" y="623" w="80" h="20"><a><fillColor><color rgba="#ffffebeb"/></fillColor></a></e><t id="113" x="865.1572265625" y="625.7080078125"><a><text><string>Dinero</string></text></a></t></children></atr><lcaf id="114"><points><p colinear="true" x="760.3202237215909" y="532" c1x="685" c1y="461" c2x="685" c2y="461"/><p colinear="true" x="792.9200994318182" y="557" c1x="685" c1y="461" c2x="685" c2y="461"/></points><startConnector><rConnector id="115"><Owner><atrchave ref="108"/></Owner></rConnector></startConnector><endConnector><rConnector id="116"><Owner><ent ref="105"/></Owner></rConnector></endConnector></lcaf><lcaf id="117"><points><p colinear="true" x="867.3333333333334" y="527" c1x="685" c1y="461" c2x="685" c2y="461"/><p colinear="true" x="838.3333333333334" y="557" c1x="685" c1y="461" c2x="685" c2y="461"/></points><startConnector><rConnector id="118"><Owner><atr ref="10b"/></Owner></rConnector></startConnector><endConnector><rConnector id="119"><Owner><ent ref="105"/></Owner></rConnector></endConnector></lcaf><lcaf id="11a"><points><p colinear="true" x="761.7272727272727" y="622" c1x="687" c1y="463.57894736842104" c2x="687" c2y="463.57894736842104"/><p colinear="true" x="793.5454545454545" y="597" c1x="687" c1y="463.57894736842104" c2x="687" c2y="463.57894736842104"/></points><startConnector><rConnector id="11b"><Owner><atr ref="10e"/></Owner></rConnector></startConnector><endConnector><rConnector id="11c"><Owner><ent ref="105"/></Owner></rConnector></endConnector></lcaf><lcaf id="11d"><points><p colinear="true" x="873.2142857142857" y="623" c1x="685" c1y="461" c2x="685" c2y="461"/><p colinear="true" x="842.5714285714286" y="597" c1x="685" c1y="461" c2x="685" c2y="461"/></points><startConnector><rConnector id="11e"><Owner><atr ref="111"/></Owner></rConnector></startConnector><endConnector><rConnector id="11f"><Owner><ent ref="105"/></Owner></rConnector></endConnector></lcaf><ent id="120"><children><r id="121" x="1179" y="565" w="80" h="40"><a><fillColor><color rgba="#ffebffe8"/></fillColor></a></r><t id="122" x="1198.87890625" y="577.7080078125"><a><text><string>Puesto</string></text></a></t></children></ent><atrchave id="123" nullable="false" attributeType="NUMBER"><children><e id="124" x="1104" y="522" w="100.560546875" h="20"><a><fillColor><color rgba="#ffffebeb"/></fillColor></a></e><t id="125" x="1146.0244140625" y="524.7080078125"><a><fontUnderlined><boolean>true</boolean></fontUnderlined><fontBold><boolean>true</boolean></fontBold><text><string>ID</string></text></a></t></children></atrchave><atr id="126" nullable="false" attributeType="VARCHAR2(128)"><children><e id="127" x="1246" y="520" w="80" h="20"><a><fillColor><color rgba="#ffffebeb"/></fillColor></a></e><t id="128" x="1271.33984375" y="522.7080078125"><a><text><string>Calle</string></text></a></t></children></atr><atr id="129" nullable="false" attributeType="VARCHAR2(128)"><children><e id="12a" x="1114" y="635" w="80" h="20"><a><fillColor><color rgba="#ffffebeb"/></fillColor></a></e><t id="12b" x="1119.39453125" y="637.7080078125"><a><text><string>Descripcion</string></text></a></t></children></atr><lcaf id="12c"><points><p colinear="true" x="1166.4915426002358" y="542" c1x="1086" c1y="462" c2x="1086" c2y="462"/><p colinear="true" x="1194.5774616745282" y="565" c1x="1086" c1y="462" c2x="1086" c2y="462"/></points><startConnector><rConnector id="12d"><Owner><atrchave ref="123"/></Owner></rConnector></startConnector><endConnector><rConnector id="12e"><Owner><ent ref="120"/></Owner></rConnector></endConnector></lcaf><lcaf id="12f"><points><p colinear="true" x="1273.8181818181818" y="540" c1x="1086" c1y="462" c2x="1086" c2y="462"/><p colinear="true" x="1243.3636363636363" y="565" c1x="1086" c1y="462" c2x="1086" c2y="462"/></points><startConnector><rConnector id="130"><Owner><atr ref="126"/></Owner></rConnector></startConnector><endConnector><rConnector id="131"><Owner><ent ref="120"/></Owner></rConnector></endConnector></lcaf><atr id="132" nullable="false" attributeType="VARCHAR2(128)"><children><e id="133" x="1253" y="637" w="104.720703125" h="20"><a><fillColor><color rgba="#ffffebeb"/></fillColor></a></e><t id="134" x="1283.197265625" y="639.7080078125"><a><text><string>Horario</string></text></a></t></children></atr><lcaf id="135"><points><p colinear="true" x="1246.858177923387" y="605" c1x="282" c1y="465" c2x="282" c2y="465"/><p colinear="true" x="1291.4312626008063" y="637" c1x="282" c1y="465" c2x="282" c2y="465"/></points><startConnector><rConnector id="136"><Owner><ent ref="120"/></Owner></rConnector></startConnector><endConnector><rConnector id="137"><Owner><atr ref="132"/></Owner></rConnector></endConnector></lcaf><lcaf id="138"><points><p colinear="true" x="1164.8333333333333" y="635" c1x="282" c1y="465" c2x="282" c2y="465"/><p colinear="true" x="1197.3333333333333" y="605" c1x="282" c1y="465" c2x="282" c2y="465"/></points><startConnector><rConnector id="139"><Owner><atr ref="129"/></Owner></rConnector></startConnector><endConnector><rConnector id="13a"><Owner><ent ref="120"/></Owner></rConnector></endConnector></lcaf><rel id="13b"><children><diamond id="13c" x="993" y="572" w="64" h="32"><a><fillColor><color rgba="#ffddddff"/></fillColor></a></diamond><t id="13d" x="1006.6630859375" y="580.7080078125"><a><text><string>Acude</string></text></a></t></children></rel><lcaf id="13e"><points><p colinear="true" x="993" y="586.2912621359224" c1x="0" c1y="0" c2x="0" c2y="0"/><p colinear="true" x="859" y="579.1359223300971" c1x="0" c1y="0" c2x="0" c2y="0"/></points><startConnector><rConnector id="13f"><Owner><rel ref="13b"/></Owner></rConnector></startConnector><endConnector><rConnector id="140"><Owner><ent ref="105"/></Owner></rConnector></endConnector></lcaf><lcaf id="141"><points><p colinear="true" x="1057" y="587.5051546391752" c1x="0" c1y="0" c2x="0" c2y="0"/><p colinear="true" x="1179" y="585.6185567010309" c1x="0" c1y="0" c2x="0" c2y="0"/></points><startConnector><rConnector id="142"><Owner><rel ref="13b"/></Owner></rConnector></startConnector><endConnector><rConnector id="143"><Owner><ent ref="120"/></Owner></rConnector></endConnector></lcaf></figures></drawing>