<drawing><figures><ent id="0"><children><r id="1" x="106" y="100" w="80" h="40"><a><fillColor><color rgba="#ffebffe8"/></fillColor></a></r><t id="2" x="125.2080078125" y="112.7080078125"><a><text><string>Cliente</string></text></a></t></children></ent><atrchave id="3" nullable="false" attributeType="NUMBER"><children><e id="4" x="21" y="55" w="100.560546875" h="20"><a><fillColor><color rgba="#ffffebeb"/></fillColor></a></e><t id="5" x="63.0244140625" y="57.7080078125"><a><fontUnderlined><boolean>true</boolean></fontUnderlined><fontBold><boolean>true</boolean></fontBold><text><string>ID</string></text></a></t></children></atrchave><atr id="6" nullable="false" attributeType="VARCHAR2(128)"><children><e id="7" x="161" y="62" w="80" h="20"><a><fillColor><color rgba="#ffffebeb"/></fillColor></a></e><t id="8" x="177.1611328125" y="64.7080078125"><a><text><string>Nombre</string></text></a></t></children></atr><atr id="9" nullable="false" attributeType="VARCHAR2(128)"><children><e id="a" x="42" y="153" w="80" h="20"><a><fillColor><color rgba="#ffffebeb"/></fillColor></a></e><t id="b" x="67.1259765625" y="155.7080078125"><a><text><string>Edad</string></text></a></t></children></atr><atr id="c" nullable="false" attributeType="VARCHAR2(128)"><children><e id="d" x="162" y="158" w="80" h="20"><a><fillColor><color rgba="#ffffebeb"/></fillColor></a></e><t id="e" x="182.060546875" y="160.7080078125"><a><text><string>Dinerp</string></text></a></t></children></atr><lcaf id="f"><points><p colinear="true" x="84.86567826704544" y="75" c1x="7" c1y="-3" c2x="7" c2y="-3"/><p colinear="true" x="118.8291903409091" y="100" c1x="7" c1y="-3" c2x="7" c2y="-3"/></points><startConnector><rConnector id="10"><Owner><atrchave ref="3"/></Owner></rConnector></startConnector><endConnector><rConnector id="11"><Owner><ent ref="0"/></Owner></rConnector></endConnector></lcaf><lcaf id="12"><points><p colinear="true" x="189.54166666666666" y="82" c1x="7" c1y="-3" c2x="7" c2y="-3"/><p colinear="true" x="168.91666666666666" y="100" c1x="7" c1y="-3" c2x="7" c2y="-3"/></points><startConnector><rConnector id="13"><Owner><atr ref="6"/></Owner></rConnector></startConnector><endConnector><rConnector id="14"><Owner><ent ref="0"/></Owner></rConnector></endConnector></lcaf><lcaf id="15"><points><p colinear="true" x="96.88372093023256" y="153" c1x="9" c1y="-0.42105263157895934" c2x="9" c2y="-0.42105263157895934"/><p colinear="true" x="116.23255813953489" y="140" c1x="9" c1y="-0.42105263157895934" c2x="9" c2y="-0.42105263157895934"/></points><startConnector><rConnector id="16"><Owner><atr ref="9"/></Owner></rConnector></startConnector><endConnector><rConnector id="17"><Owner><ent ref="0"/></Owner></rConnector></endConnector></lcaf><lcaf id="18"><points><p colinear="true" x="190.33333333333331" y="158" c1x="7" c1y="-3" c2x="7" c2y="-3"/><p colinear="true" x="169.33333333333331" y="140" c1x="7" c1y="-3" c2x="7" c2y="-3"/></points><startConnector><rConnector id="19"><Owner><atr ref="c"/></Owner></rConnector></startConnector><endConnector><rConnector id="1a"><Owner><ent ref="0"/></Owner></rConnector></endConnector></lcaf><ent id="1b"><children><r id="1c" x="380" y="96" w="80" h="40"><a><fillColor><color rgba="#ffebffe8"/></fillColor></a></r><t id="1d" x="396.2080078125" y="108.7080078125"><a><text><string>Barbero</string></text></a></t></children></ent><atrchave id="1e" nullable="false" attributeType="NUMBER"><children><e id="1f" x="313" y="48" w="100.560546875" h="20"><a><fillColor><color rgba="#ffffebeb"/></fillColor></a></e><t id="20" x="355.0244140625" y="50.7080078125"><a><fontUnderlined><boolean>true</boolean></fontUnderlined><fontBold><boolean>true</boolean></fontBold><text><string>ID</string></text></a></t></children></atrchave><atr id="21" nullable="false" attributeType="VARCHAR2(128)"><children><e id="22" x="310" y="169" w="80" h="20"><a><fillColor><color rgba="#ffffebeb"/></fillColor></a></e><t id="23" x="315.388671875" y="171.7080078125"><a><text><string>Experiencia</string></text></a></t></children></atr><atr id="24" nullable="false" attributeType="VARCHAR2(128)"><children><e id="25" x="460" y="49" w="80" h="20"><a><fillColor><color rgba="#ffffebeb"/></fillColor></a></e><t id="26" x="476.1611328125" y="51.7080078125"><a><text><string>Nombre</string></text></a></t></children></atr><atr id="27" nullable="false" attributeType="VARCHAR2(128)"><children><e id="28" x="464" y="161" w="80" h="20"><a><fillColor><color rgba="#ffffebeb"/></fillColor></a></e><t id="29" x="478.318359375" y="163.7080078125"><a><text><string>Telefono</string></text></a></t></children></atr><lcaf id="2a"><points><p colinear="true" x="373.05953663793105" y="68" c1x="288" c1y="-12" c2x="288" c2y="-12"/><p colinear="true" x="400.44147359913796" y="96" c1x="288" c1y="-12" c2x="288" c2y="-12"/></points><startConnector><rConnector id="2b"><Owner><atrchave ref="1e"/></Owner></rConnector></startConnector><endConnector><rConnector id="2c"><Owner><ent ref="1b"/></Owner></rConnector></endConnector></lcaf><lcaf id="2d"><points><p colinear="true" x="361.1111111111111" y="169" c1x="288" c1y="-12" c2x="288" c2y="-12"/><p colinear="true" x="397.77777777777777" y="136" c1x="288" c1y="-12" c2x="288" c2y="-12"/></points><startConnector><rConnector id="2e"><Owner><atr ref="21"/></Owner></rConnector></startConnector><endConnector><rConnector id="2f"><Owner><ent ref="1b"/></Owner></rConnector></endConnector></lcaf><lcaf id="30"><points><p colinear="true" x="485.96491228070175" y="69" c1x="290" c1y="-9.42105263157896" c2x="290" c2y="-9.42105263157896"/><p colinear="true" x="448.0701754385965" y="96" c1x="290" c1y="-9.42105263157896" c2x="290" c2y="-9.42105263157896"/></points><startConnector><rConnector id="31"><Owner><atr ref="24"/></Owner></rConnector></startConnector><endConnector><rConnector id="32"><Owner><ent ref="1b"/></Owner></rConnector></endConnector></lcaf><lcaf id="33"><points><p colinear="true" x="488.72727272727275" y="161" c1x="288" c1y="-12" c2x="288" c2y="-12"/><p colinear="true" x="450.54545454545456" y="136" c1x="288" c1y="-12" c2x="288" c2y="-12"/></points><startConnector><rConnector id="34"><Owner><atr ref="27"/></Owner></rConnector></startConnector><endConnector><rConnector id="35"><Owner><ent ref="1b"/></Owner></rConnector></endConnector></lcaf><ent id="36"><children><r id="37" x="645" y="94" w="80" h="40"><a><fillColor><color rgba="#ffebffe8"/></fillColor></a></r><t id="38" x="668.669921875" y="106.7080078125"><a><text><string>Corte</string></text></a></t></children></ent><atrchave id="39" nullable="false" attributeType="NUMBER"><children><e id="3a" x="565" y="54" w="100.560546875" h="20"><a><fillColor><color rgba="#ffffebeb"/></fillColor></a></e><t id="3b" x="607.0244140625" y="56.7080078125"><a><fontUnderlined><boolean>true</boolean></fontUnderlined><fontBold><boolean>true</boolean></fontBold><text><string>ID</string></text></a></t></children></atrchave><atr id="3c" nullable="false" attributeType="VARCHAR2(128)"><children><e id="3d" x="701" y="59" w="80" h="20"><a><fillColor><color rgba="#ffffebeb"/></fillColor></a></e><t id="3e" x="722.8330078125" y="61.7080078125"><a><text><string>Precio</string></text></a></t></children></atr><atr id="3f" nullable="false" attributeType="VARCHAR2(128)"><children><e id="40" x="570" y="168" w="80" h="20"><a><fillColor><color rgba="#ffffebeb"/></fillColor></a></e><t id="41" x="593.78125" y="170.7080078125"><a><text><string>Estilo</string></text></a></t></children></atr><atr id="42" nullable="false" attributeType="VARCHAR2(128)"><children><e id="43" x="702" y="155" w="80" h="20"><a><fillColor><color rgba="#ffffebeb"/></fillColor></a></e><t id="44" x="719.8662109375" y="157.7080078125"><a><text><string>Tiempo</string></text></a></t></children></atr><lcaf id="45"><points><p colinear="true" x="629.22421875" y="74" c1x="547" c1y="-6" c2x="547" c2y="-6"/><p colinear="true" x="657.112109375" y="94" c1x="547" c1y="-6" c2x="547" c2y="-6"/></points><startConnector><rConnector id="46"><Owner><atrchave ref="39"/></Owner></rConnector></startConnector><endConnector><rConnector id="47"><Owner><ent ref="36"/></Owner></rConnector></endConnector></lcaf><lcaf id="48"><points><p colinear="true" x="728.5555555555555" y="79" c1x="547" c1y="-6" c2x="547" c2y="-6"/><p colinear="true" x="709.8888888888889" y="94" c1x="547" c1y="-6" c2x="547" c2y="-6"/></points><startConnector><rConnector id="49"><Owner><atr ref="3c"/></Owner></rConnector></startConnector><endConnector><rConnector id="4a"><Owner><ent ref="36"/></Owner></rConnector></endConnector></lcaf><lcaf id="4b"><points><p colinear="true" x="621.71875" y="168" c1x="549" c1y="-3.4210526315789593" c2x="549" c2y="-3.4210526315789593"/><p colinear="true" x="661.5625" y="134" c1x="549" c1y="-3.4210526315789593" c2x="549" c2y="-3.4210526315789593"/></points><startConnector><rConnector id="4c"><Owner><atr ref="3f"/></Owner></rConnector></startConnector><endConnector><rConnector id="4d"><Owner><ent ref="36"/></Owner></rConnector></endConnector></lcaf><lcaf id="4e"><points><p colinear="true" x="730.8235294117648" y="155" c1x="547" c1y="-6" c2x="547" c2y="-6"/><p colinear="true" x="707.3529411764706" y="134" c1x="547" c1y="-6" c2x="547" c2y="-6"/></points><startConnector><rConnector id="4f"><Owner><atr ref="42"/></Owner></rConnector></startConnector><endConnector><rConnector id="50"><Owner><ent ref="36"/></Owner></rConnector></endConnector></lcaf><ent id="51"><children><r id="52" x="907" y="99" w="80" h="40"><a><fillColor><color rgba="#ffebffe8"/></fillColor></a></r><t id="53" x="931.642578125" y="111.7080078125"><a><text><string>Local</string></text></a></t></children></ent><atrchave id="54" nullable="false" attributeType="NUMBER"><children><e id="55" x="822" y="57" w="100.560546875" h="20"><a><fillColor><color rgba="#ffffebeb"/></fillColor></a></e><t id="56" x="864.0244140625" y="59.7080078125"><a><fontUnderlined><boolean>true</boolean></fontUnderlined><fontBold><boolean>true</boolean></fontBold><text><string>ID</string></text></a></t></children></atrchave><atr id="57" nullable="false" attributeType="VARCHAR2(128)"><children><e id="58" x="958" y="62" w="80" h="20"><a><fillColor><color rgba="#ffffebeb"/></fillColor></a></e><t id="59" x="970.2587890625" y="64.7080078125"><a><text><string>Direccion</string></text></a></t></children></atr><atr id="5a" nullable="false" attributeType="VARCHAR2(128)"><children><e id="5b" x="839" y="153" w="80" h="20"><a><fillColor><color rgba="#ffffebeb"/></fillColor></a></e><t id="5c" x="856.8369140625" y="155.7080078125"><a><text><string>Horario</string></text></a></t></children></atr><lcaf id="5d"><points><p colinear="true" x="886.6494516225962" y="77" c1x="804" c1y="-3" c2x="804" c2y="-3"/><p colinear="true" x="918.2616436298077" y="99" c1x="804" c1y="-3" c2x="804" c2y="-3"/></points><startConnector><rConnector id="5e"><Owner><atrchave ref="54"/></Owner></rConnector></startConnector><endConnector><rConnector id="5f"><Owner><ent ref="51"/></Owner></rConnector></endConnector></lcaf><lcaf id="60"><points><p colinear="true" x="987.1489361702128" y="82" c1x="804" c1y="-3" c2x="804" c2y="-3"/><p colinear="true" x="968.7021276595744" y="99" c1x="804" c1y="-3" c2x="804" c2y="-3"/></points><startConnector><rConnector id="61"><Owner><atr ref="57"/></Owner></rConnector></startConnector><endConnector><rConnector id="62"><Owner><ent ref="51"/></Owner></rConnector></endConnector></lcaf><lcaf id="63"><points><p colinear="true" x="894.4545454545455" y="153" c1x="806" c1y="-0.42105263157895934" c2x="806" c2y="-0.42105263157895934"/><p colinear="true" x="916.0909090909091" y="139" c1x="806" c1y="-0.42105263157895934" c2x="806" c2y="-0.42105263157895934"/></points><startConnector><rConnector id="64"><Owner><atr ref="5a"/></Owner></rConnector></startConnector><endConnector><rConnector id="65"><Owner><ent ref="51"/></Owner></rConnector></endConnector></lcaf><atr id="66" nullable="false" attributeType="VARCHAR2(128)"><children><e id="67" x="969" y="156" w="104.720703125" h="20"><a><fillColor><color rgba="#ffffebeb"/></fillColor></a></e><t id="68" x="979" y="158.7080078125"><a><text><string>Administrador</string></text></a></t></children></atr><lcaf id="69"><points><p colinear="true" x="978.6427027925532" y="139" c1x="0" c1y="0" c2x="0" c2y="0"/><p colinear="true" x="1005.5390001662234" y="156" c1x="0" c1y="0" c2x="0" c2y="0"/></points><startConnector><rConnector id="6a"><Owner><ent ref="51"/></Owner></rConnector></startConnector><endConnector><rConnector id="6b"><Owner><atr ref="66"/></Owner></rConnector></endConnector></lcaf><ent id="6c"><children><r id="6d" x="103" y="274" w="80" h="40"><a><fillColor><color rgba="#ffebffe8"/></fillColor></a></r><t id="6e" x="111.4912109375" y="286.7080078125"><a><text><string>Promocion</string></text></a></t></children></ent><atrchave id="6f" nullable="false" attributeType="NUMBER"><children><e id="70" x="28" y="216" w="100.560546875" h="20"><a><fillColor><color rgba="#ffffebeb"/></fillColor></a></e><t id="71" x="70.0244140625" y="218.7080078125"><a><fontUnderlined><boolean>true</boolean></fontUnderlined><fontBold><boolean>true</boolean></fontBold><text><string>ID</string></text></a></t></children></atrchave><atr id="72" nullable="false" attributeType="VARCHAR2(128)"><children><e id="73" x="180" y="222" w="80" h="20"><a><fillColor><color rgba="#ffffebeb"/></fillColor></a></e><t id="74" x="188.376953125" y="224.7080078125"><a><text><string>Descuento</string></text></a></t></children></atr><atr id="75" nullable="false" attributeType="VARCHAR2(128)"><children><e id="76" x="43" y="344" w="80" h="20"><a><fillColor><color rgba="#ffffebeb"/></fillColor></a></e><t id="77" x="59.498046875" y="346.7080078125"><a><text><string>Regalos</string></text></a></t></children></atr><atr id="78" nullable="false" attributeType="VARCHAR2(128)"><children><e id="79" x="171" y="338" w="80" h="20"><a><fillColor><color rgba="#ffffebeb"/></fillColor></a></e><t id="7a" x="184.7646484375" y="340.7080078125"><a><text><string>Ventajas</string></text></a></t></children></atr><lcaf id="7b"><points><p colinear="true" x="87.79788028492646" y="236" c1x="18" c1y="177" c2x="18" c2y="177"/><p colinear="true" x="123.96478630514704" y="274" c1x="18" c1y="177" c2x="18" c2y="177"/></points><startConnector><rConnector id="7c"><Owner><atrchave ref="6f"/></Owner></rConnector></startConnector><endConnector><rConnector id="7d"><Owner><ent ref="6c"/></Owner></rConnector></endConnector></lcaf><lcaf id="7e"><points><p colinear="true" x="207.5806451612903" y="242" c1x="18" c1y="177" c2x="18" c2y="177"/><p colinear="true" x="167.83870967741933" y="274" c1x="18" c1y="177" c2x="18" c2y="177"/></points><startConnector><rConnector id="7f"><Owner><atr ref="72"/></Owner></rConnector></startConnector><endConnector><rConnector id="80"><Owner><ent ref="6c"/></Owner></rConnector></endConnector></lcaf><lcaf id="81"><points><p colinear="true" x="93" y="344" c1x="20" c1y="179.57894736842104" c2x="20" c2y="179.57894736842104"/><p colinear="true" x="123" y="314" c1x="20" c1y="179.57894736842104" c2x="20" c2y="179.57894736842104"/></points><startConnector><rConnector id="82"><Owner><atr ref="75"/></Owner></rConnector></startConnector><endConnector><rConnector id="83"><Owner><ent ref="6c"/></Owner></rConnector></endConnector></lcaf><lcaf id="84"><points><p colinear="true" x="198.4074074074074" y="338" c1x="18" c1y="177" c2x="18" c2y="177"/><p colinear="true" x="168.1851851851852" y="314" c1x="18" c1y="177" c2x="18" c2y="177"/></points><startConnector><rConnector id="85"><Owner><atr ref="78"/></Owner></rConnector></startConnector><endConnector><rConnector id="86"><Owner><ent ref="6c"/></Owner></rConnector></endConnector></lcaf><ent id="87"><children><r id="88" x="514" y="299" w="80" h="40"><a><fillColor><color rgba="#ffebffe8"/></fillColor></a></r><t id="89" x="530.2080078125" y="311.7080078125"><a><text><string>Barbero</string></text></a></t></children></ent><atrchave id="8a" nullable="false" attributeType="NUMBER"><children><e id="8b" x="463" y="258" w="100.560546875" h="20"><a><fillColor><color rgba="#ffffebeb"/></fillColor></a></e><t id="8c" x="505.0244140625" y="260.7080078125"><a><fontUnderlined><boolean>true</boolean></fontUnderlined><fontBold><boolean>true</boolean></fontBold><text><string>ID</string></text></a></t></children></atrchave><atr id="8d" nullable="false" attributeType="VARCHAR2(128)"><children><e id="8e" x="443" y="355" w="80" h="20"><a><fillColor><color rgba="#ffffebeb"/></fillColor></a></e><t id="8f" x="448.388671875" y="357.7080078125"><a><text><string>Experiencia</string></text></a></t></children></atr><atr id="90" nullable="false" attributeType="VARCHAR2(128)"><children><e id="91" x="570" y="251" w="80" h="20"><a><fillColor><color rgba="#ffffebeb"/></fillColor></a></e><t id="92" x="586.1611328125" y="253.7080078125"><a><text><string>Nombre</string></text></a></t></children></atr><atr id="93" nullable="false" attributeType="VARCHAR2(128)"><children><e id="94" x="592" y="362" w="80" h="20"><a><fillColor><color rgba="#ffffebeb"/></fillColor></a></e><t id="95" x="606.318359375" y="364.7080078125"><a><text><string>Telefono</string></text></a></t></children></atr><lcaf id="96"><points><p colinear="true" x="521.2645335477941" y="278" c1x="418" c1y="196" c2x="418" c2y="196"/><p colinear="true" x="538.0314797794117" y="299" c1x="418" c1y="196" c2x="418" c2y="196"/></points><startConnector><rConnector id="97"><Owner><atrchave ref="8a"/></Owner></rConnector></startConnector><endConnector><rConnector id="98"><Owner><ent ref="87"/></Owner></rConnector></endConnector></lcaf><lcaf id="99"><points><p colinear="true" x="498.4347826086956" y="355" c1x="434" c1y="188" c2x="434" c2y="188"/><p colinear="true" x="523.1304347826087" y="339" c1x="434" c1y="188" c2x="434" c2y="188"/></points><startConnector><rConnector id="9a"><Owner><atr ref="8d"/></Owner></rConnector></startConnector><endConnector><rConnector id="9b"><Owner><ent ref="87"/></Owner></rConnector></endConnector></lcaf><lcaf id="9c"><points><p colinear="true" x="600.3448275862069" y="271" c1x="420" c1y="198.57894736842104" c2x="420" c2y="198.57894736842104"/><p colinear="true" x="573.3103448275862" y="299" c1x="420" c1y="198.57894736842104" c2x="420" c2y="198.57894736842104"/></points><startConnector><rConnector id="9d"><Owner><atr ref="90"/></Owner></rConnector></startConnector><endConnector><rConnector id="9e"><Owner><ent ref="87"/></Owner></rConnector></endConnector></lcaf><lcaf id="9f"><points><p colinear="true" x="617.2830188679245" y="362" c1x="418" c1y="196" c2x="418" c2y="196"/><p colinear="true" x="583.433962264151" y="339" c1x="418" c1y="196" c2x="418" c2y="196"/></points><startConnector><rConnector id="a0"><Owner><atr ref="93"/></Owner></rConnector></startConnector><endConnector><rConnector id="a1"><Owner><ent ref="87"/></Owner></rConnector></endConnector></lcaf><ent id="a2"><children><r id="a3" x="909" y="274" w="80" h="40"><a><fillColor><color rgba="#ffebffe8"/></fillColor></a></r><t id="a4" x="933.642578125" y="286.7080078125"><a><text><string>Local</string></text></a></t></children></ent><atrchave id="a5" nullable="false" attributeType="NUMBER"><children><e id="a6" x="824" y="232" w="100.560546875" h="20"><a><fillColor><color rgba="#ffffebeb"/></fillColor></a></e><t id="a7" x="866.0244140625" y="234.7080078125"><a><fontUnderlined><boolean>true</boolean></fontUnderlined><fontBold><boolean>true</boolean></fontBold><text><string>ID</string></text></a></t></children></atrchave><atr id="a8" nullable="false" attributeType="VARCHAR2(128)"><children><e id="a9" x="960" y="237" w="80" h="20"><a><fillColor><color rgba="#ffffebeb"/></fillColor></a></e><t id="aa" x="972.2587890625" y="239.7080078125"><a><text><string>Direccion</string></text></a></t></children></atr><atr id="ab" nullable="false" attributeType="VARCHAR2(128)"><children><e id="ac" x="841" y="328" w="80" h="20"><a><fillColor><color rgba="#ffffebeb"/></fillColor></a></e><t id="ad" x="858.8369140625" y="330.7080078125"><a><text><string>Horario</string></text></a></t></children></atr><lcaf id="ae"><points><p colinear="true" x="888.6494516225962" y="252" c1x="806" c1y="172" c2x="806" c2y="172"/><p colinear="true" x="920.2616436298077" y="274" c1x="806" c1y="172" c2x="806" c2y="172"/></points><startConnector><rConnector id="af"><Owner><atrchave ref="a5"/></Owner></rConnector></startConnector><endConnector><rConnector id="b0"><Owner><ent ref="a2"/></Owner></rConnector></endConnector></lcaf><lcaf id="b1"><points><p colinear="true" x="989.1489361702128" y="257" c1x="806" c1y="172" c2x="806" c2y="172"/><p colinear="true" x="970.7021276595744" y="274" c1x="806" c1y="172" c2x="806" c2y="172"/></points><startConnector><rConnector id="b2"><Owner><atr ref="a8"/></Owner></rConnector></startConnector><endConnector><rConnector id="b3"><Owner><ent ref="a2"/></Owner></rConnector></endConnector></lcaf><lcaf id="b4"><points><p colinear="true" x="896.4545454545455" y="328" c1x="808" c1y="174.57894736842104" c2x="808" c2y="174.57894736842104"/><p colinear="true" x="918.0909090909091" y="314" c1x="808" c1y="174.57894736842104" c2x="808" c2y="174.57894736842104"/></points><startConnector><rConnector id="b5"><Owner><atr ref="ab"/></Owner></rConnector></startConnector><endConnector><rConnector id="b6"><Owner><ent ref="a2"/></Owner></rConnector></endConnector></lcaf><atr id="b7" nullable="false" attributeType="VARCHAR2(128)"><children><e id="b8" x="971" y="331" w="104.720703125" h="20"><a><fillColor><color rgba="#ffffebeb"/></fillColor></a></e><t id="b9" x="981" y="333.7080078125"><a><text><string>Administrador</string></text></a></t></children></atr><lcaf id="ba"><points><p colinear="true" x="980.6427027925532" y="314" c1x="2" c1y="175" c2x="2" c2y="175"/><p colinear="true" x="1007.5390001662234" y="331" c1x="2" c1y="175" c2x="2" c2y="175"/></points><startConnector><rConnector id="bb"><Owner><ent ref="a2"/></Owner></rConnector></startConnector><endConnector><rConnector id="bc"><Owner><atr ref="b7"/></Owner></rConnector></endConnector></lcaf><rel id="bd"><children><diamond id="be" x="703" y="307" w="80" h="40"><a><fillColor><color rgba="#ffddddff"/></fillColor></a></diamond><t id="bf" x="720.2041015625" y="319.7080078125"><a><text><string>Atiende</string></text></a></t></children></rel><lcaf id="c0"><points><p colinear="true" x="703" y="325.30687830687833" c1x="90" c1y="-89" c2x="90" c2y="-89"/><p colinear="true" x="594" y="320.69312169312167" c1x="90" c1y="-89" c2x="90" c2y="-89"/></points><startConnector><rConnector id="c1"><Owner><rel ref="bd"/></Owner></rConnector></startConnector><endConnector><rConnector id="c2"><Owner><ent ref="87"/></Owner></rConnector></endConnector></lcaf><lcaf id="c3"><points><p colinear="true" x="783" y="320.5922330097087" c1x="50" c1y="-73.44554455445552" c2x="50" c2y="-73.44554455445552"/><p colinear="true" x="909" y="300.40776699029124" c1x="50" c1y="-73.44554455445552" c2x="50" c2y="-73.44554455445552"/></points><startConnector><rConnector id="c4"><Owner><rel ref="bd"/></Owner></rConnector></startConnector><endConnector><rConnector id="c5"><Owner><ent ref="a2"/></Owner></rConnector></endConnector></lcaf><ent id="c6"><children><r id="c7" x="80" y="523" w="80" h="40"><a><fillColor><color rgba="#ffebffe8"/></fillColor></a></r><t id="c8" x="99.2080078125" y="535.7080078125"><a><text><string>Cliente</string></text></a></t></children></ent><atrchave id="c9" nullable="false" attributeType="NUMBER"><children><e id="ca" x="-5" y="478" w="100.560546875" h="20"><a><fillColor><color rgba="#ffffebeb"/></fillColor></a></e><t id="cb" x="37.0244140625" y="480.7080078125"><a><fontUnderlined><boolean>true</boolean></fontUnderlined><fontBold><boolean>true</boolean></fontBold><text><string>ID</string></text></a></t></children></atrchave><atr id="cc" nullable="false" attributeType="VARCHAR2(128)"><children><e id="cd" x="135" y="485" w="80" h="20"><a><fillColor><color rgba="#ffffebeb"/></fillColor></a></e><t id="ce" x="151.1611328125" y="487.7080078125"><a><text><string>Nombre</string></text></a></t></children></atr><atr id="cf" nullable="false" attributeType="VARCHAR2(128)"><children><e id="d0" x="16" y="576" w="80" h="20"><a><fillColor><color rgba="#ffffebeb"/></fillColor></a></e><t id="d1" x="41.1259765625" y="578.7080078125"><a><text><string>Edad</string></text></a></t></children></atr><atr id="d2" nullable="false" attributeType="VARCHAR2(128)"><children><e id="d3" x="136" y="581" w="80" h="20"><a><fillColor><color rgba="#ffffebeb"/></fillColor></a></e><t id="d4" x="161.1318359375" y="583.7080078125"><a><text><string>Sexo</string></text></a></t></children></atr><lcaf id="d5"><points><p colinear="true" x="58.865678267045446" y="498" c1x="-19" c1y="420" c2x="-19" c2y="420"/><p colinear="true" x="92.8291903409091" y="523" c1x="-19" c1y="420" c2x="-19" c2y="420"/></points><startConnector><rConnector id="d6"><Owner><atrchave ref="c9"/></Owner></rConnector></startConnector><endConnector><rConnector id="d7"><Owner><ent ref="c6"/></Owner></rConnector></endConnector></lcaf><lcaf id="d8"><points><p colinear="true" x="163.54166666666666" y="505" c1x="-19" c1y="420" c2x="-19" c2y="420"/><p colinear="true" x="142.91666666666666" y="523" c1x="-19" c1y="420" c2x="-19" c2y="420"/></points><startConnector><rConnector id="d9"><Owner><atr ref="cc"/></Owner></rConnector></startConnector><endConnector><rConnector id="da"><Owner><ent ref="c6"/></Owner></rConnector></endConnector></lcaf><lcaf id="db"><points><p colinear="true" x="70.88372093023256" y="576" c1x="-17" c1y="422.57894736842104" c2x="-17" c2y="422.57894736842104"/><p colinear="true" x="90.23255813953489" y="563" c1x="-17" c1y="422.57894736842104" c2x="-17" c2y="422.57894736842104"/></points><startConnector><rConnector id="dc"><Owner><atr ref="cf"/></Owner></rConnector></startConnector><endConnector><rConnector id="dd"><Owner><ent ref="c6"/></Owner></rConnector></endConnector></lcaf><lcaf id="de"><points><p colinear="true" x="164.33333333333331" y="581" c1x="-19" c1y="420" c2x="-19" c2y="420"/><p colinear="true" x="143.33333333333331" y="563" c1x="-19" c1y="420" c2x="-19" c2y="420"/></points><startConnector><rConnector id="df"><Owner><atr ref="d2"/></Owner></rConnector></startConnector><endConnector><rConnector id="e0"><Owner><ent ref="c6"/></Owner></rConnector></endConnector></lcaf><ent id="e1"><children><r id="e2" x="434" y="515" w="80" h="40"><a><fillColor><color rgba="#ffebffe8"/></fillColor></a></r><t id="e3" x="442.4912109375" y="527.7080078125"><a><text><string>Promocion</string></text></a></t></children></ent><atrchave id="e4" nullable="false" attributeType="NUMBER"><children><e id="e5" x="349" y="470" w="100.560546875" h="20"><a><fillColor><color rgba="#ffffebeb"/></fillColor></a></e><t id="e6" x="391.0244140625" y="472.7080078125"><a><fontUnderlined><boolean>true</boolean></fontUnderlined><fontBold><boolean>true</boolean></fontBold><text><string>ID</string></text></a></t></children></atrchave><atr id="e7" nullable="false" attributeType="VARCHAR2(128)"><children><e id="e8" x="489" y="477" w="80" h="20"><a><fillColor><color rgba="#ffffebeb"/></fillColor></a></e><t id="e9" x="497.376953125" y="479.7080078125"><a><text><string>Descuento</string></text></a></t></children></atr><atr id="ea" nullable="false" attributeType="VARCHAR2(128)"><children><e id="eb" x="370" y="568" w="80" h="20"><a><fillColor><color rgba="#ffffebeb"/></fillColor></a></e><t id="ec" x="386.498046875" y="570.7080078125"><a><text><string>Regalos</string></text></a></t></children></atr><atr id="ed" nullable="false" attributeType="VARCHAR2(128)"><children><e id="ee" x="490" y="573" w="80" h="20"><a><fillColor><color rgba="#ffffebeb"/></fillColor></a></e><t id="ef" x="503.7646484375" y="575.7080078125"><a><text><string>Ventajas</string></text></a></t></children></atr><lcaf id="f0"><points><p colinear="true" x="412.86567826704544" y="490" c1x="335" c1y="412" c2x="335" c2y="412"/><p colinear="true" x="446.8291903409091" y="515" c1x="335" c1y="412" c2x="335" c2y="412"/></points><startConnector><rConnector id="f1"><Owner><atrchave ref="e4"/></Owner></rConnector></startConnector><endConnector><rConnector id="f2"><Owner><ent ref="e1"/></Owner></rConnector></endConnector></lcaf><lcaf id="f3"><points><p colinear="true" x="517.5416666666666" y="497" c1x="335" c1y="412" c2x="335" c2y="412"/><p colinear="true" x="496.91666666666663" y="515" c1x="335" c1y="412" c2x="335" c2y="412"/></points><startConnector><rConnector id="f4"><Owner><atr ref="e7"/></Owner></rConnector></startConnector><endConnector><rConnector id="f5"><Owner><ent ref="e1"/></Owner></rConnector></endConnector></lcaf><lcaf id="f6"><points><p colinear="true" x="424.8837209302326" y="568" c1x="337" c1y="414.57894736842104" c2x="337" c2y="414.57894736842104"/><p colinear="true" x="444.2325581395349" y="555" c1x="337" c1y="414.57894736842104" c2x="337" c2y="414.57894736842104"/></points><startConnector><rConnector id="f7"><Owner><atr ref="ea"/></Owner></rConnector></startConnector><endConnector><rConnector id="f8"><Owner><ent ref="e1"/></Owner></rConnector></endConnector></lcaf><lcaf id="f9"><points><p colinear="true" x="518.3333333333334" y="573" c1x="335" c1y="412" c2x="335" c2y="412"/><p colinear="true" x="497.3333333333333" y="555" c1x="335" c1y="412" c2x="335" c2y="412"/></points><startConnector><rConnector id="fa"><Owner><atr ref="ed"/></Owner></rConnector></startConnector><endConnector><rConnector id="fb"><Owner><ent ref="e1"/></Owner></rConnector></endConnector></lcaf><rel id="fc"><children><diamond id="fd" x="266" y="524" w="80" h="40"><a><fillColor><color rgba="#ffddddff"/></fillColor></a></diamond><t id="fe" x="282.5830078125" y="536.7080078125"><a><text><string>Obtiene</string></text></a></t></children></rel><lcaf id="ff"><points><p colinear="true" x="266" y="543.7849462365591" c1x="-47" c1y="21" c2x="-47" c2y="21"/><p colinear="true" x="160" y="543.2150537634409" c1x="-47" c1y="21" c2x="-47" c2y="21"/></points><startConnector><rConnector id="100"><Owner><rel ref="fc"/></Owner></rConnector></startConnector><endConnector><rConnector id="101"><Owner><ent ref="c6"/></Owner></rConnector></endConnector></lcaf><lcaf id="102"><points><p colinear="true" x="346" y="541.8571428571429" c1x="-47" c1y="21" c2x="-47" c2y="21"/><p colinear="true" x="434" y="537.1428571428571" c1x="-47" c1y="21" c2x="-47" c2y="21"/></points><startConnector><rConnector id="103"><Owner><rel ref="fc"/></Owner></rConnector></startConnector><endConnector><rConnector id="104"><Owner><ent ref="e1"/></Owner></rConnector></endConnector></lcaf><ent id="105"><children><r id="106" x="1074" y="495" w="80" h="40"><a><fillColor><color rgba="#ffebffe8"/></fillColor></a></r><t id="107" x="1097.669921875" y="507.7080078125"><a><text><string>Corte</string></text></a></t></children></ent><atrchave id="108" nullable="false" attributeType="NUMBER"><children><e id="109" x="994" y="455" w="100.560546875" h="20"><a><fillColor><color rgba="#ffffebeb"/></fillColor></a></e><t id="10a" x="1036.0244140625" y="457.7080078125"><a><fontUnderlined><boolean>true</boolean></fontUnderlined><fontBold><boolean>true</boolean></fontBold><text><string>ID</string></text></a></t></children></atrchave><atr id="10b" nullable="false" attributeType="VARCHAR2(128)"><children><e id="10c" x="1130" y="460" w="80" h="20"><a><fillColor><color rgba="#ffffebeb"/></fillColor></a></e><t id="10d" x="1151.8330078125" y="462.7080078125"><a><text><string>Precio</string></text></a></t></children></atr><atr id="10e" nullable="false" attributeType="VARCHAR2(128)"><children><e id="10f" x="1011" y="551" w="80" h="20"><a><fillColor><color rgba="#ffffebeb"/></fillColor></a></e><t id="110" x="1034.78125" y="553.7080078125"><a><text><string>Estilo</string></text></a></t></children></atr><atr id="111" nullable="false" attributeType="VARCHAR2(128)"><children><e id="112" x="1131" y="556" w="80" h="20"><a><fillColor><color rgba="#ffffebeb"/></fillColor></a></e><t id="113" x="1148.8662109375" y="558.7080078125"><a><text><string>Tiempo</string></text></a></t></children></atr><lcaf id="114"><points><p colinear="true" x="1058.22421875" y="475" c1x="976" c1y="395" c2x="976" c2y="395"/><p colinear="true" x="1086.112109375" y="495" c1x="976" c1y="395" c2x="976" c2y="395"/></points><startConnector><rConnector id="115"><Owner><atrchave ref="108"/></Owner></rConnector></startConnector><endConnector><rConnector id="116"><Owner><ent ref="105"/></Owner></rConnector></endConnector></lcaf><lcaf id="117"><points><p colinear="true" x="1157.5555555555557" y="480" c1x="976" c1y="395" c2x="976" c2y="395"/><p colinear="true" x="1138.888888888889" y="495" c1x="976" c1y="395" c2x="976" c2y="395"/></points><startConnector><rConnector id="118"><Owner><atr ref="10b"/></Owner></rConnector></startConnector><endConnector><rConnector id="119"><Owner><ent ref="105"/></Owner></rConnector></endConnector></lcaf><lcaf id="11a"><points><p colinear="true" x="1064.695652173913" y="551" c1x="978" c1y="397.57894736842104" c2x="978" c2y="397.57894736842104"/><p colinear="true" x="1086.608695652174" y="535" c1x="978" c1y="397.57894736842104" c2x="978" c2y="397.57894736842104"/></points><startConnector><rConnector id="11b"><Owner><atr ref="10e"/></Owner></rConnector></startConnector><endConnector><rConnector id="11c"><Owner><ent ref="105"/></Owner></rConnector></endConnector></lcaf><lcaf id="11d"><points><p colinear="true" x="1159.8235294117646" y="556" c1x="976" c1y="395" c2x="976" c2y="395"/><p colinear="true" x="1136.3529411764705" y="535" c1x="976" c1y="395" c2x="976" c2y="395"/></points><startConnector><rConnector id="11e"><Owner><atr ref="111"/></Owner></rConnector></startConnector><endConnector><rConnector id="11f"><Owner><ent ref="105"/></Owner></rConnector></endConnector></lcaf><rel id="120"><children><diamond id="121" x="886" y="504" w="80" h="40"><a><fillColor><color rgba="#ffddddff"/></fillColor></a></diamond><t id="122" x="913.4228515625" y="516.7080078125"><a><text><string>Pide</string></text></a></t></children></rel><lcaf id="123"><points><p colinear="true" x="966" y="522.0851063829787" c1x="0" c1y="0" c2x="0" c2y="0"/><p colinear="true" x="1074" y="516.9148936170212" c1x="0" c1y="0" c2x="0" c2y="0"/></points><startConnector><rConnector id="124"><Owner><rel ref="120"/></Owner></rConnector></startConnector><endConnector><rConnector id="125"><Owner><ent ref="105"/></Owner></rConnector></endConnector></lcaf><ent id="126"><children><r id="127" x="725" y="490" w="80" h="40"><a><fillColor><color rgba="#ffebffe8"/></fillColor></a></r><t id="128" x="744.2080078125" y="502.7080078125"><a><text><string>Cliente</string></text></a></t></children></ent><atrchave id="129" nullable="false" attributeType="NUMBER"><children><e id="12a" x="640" y="445" w="100.560546875" h="20"><a><fillColor><color rgba="#ffffebeb"/></fillColor></a></e><t id="12b" x="682.0244140625" y="447.7080078125"><a><fontUnderlined><boolean>true</boolean></fontUnderlined><fontBold><boolean>true</boolean></fontBold><text><string>ID</string></text></a></t></children></atrchave><atr id="12c" nullable="false" attributeType="VARCHAR2(128)"><children><e id="12d" x="780" y="452" w="80" h="20"><a><fillColor><color rgba="#ffffebeb"/></fillColor></a></e><t id="12e" x="796.1611328125" y="454.7080078125"><a><text><string>Nombre</string></text></a></t></children></atr><atr id="12f" nullable="false" attributeType="VARCHAR2(128)"><children><e id="130" x="661" y="543" w="80" h="20"><a><fillColor><color rgba="#ffffebeb"/></fillColor></a></e><t id="131" x="686.1259765625" y="545.7080078125"><a><text><string>Edad</string></text></a></t></children></atr><atr id="132" nullable="false" attributeType="VARCHAR2(128)"><children><e id="133" x="781" y="548" w="80" h="20"><a><fillColor><color rgba="#ffffebeb"/></fillColor></a></e><t id="134" x="801.060546875" y="550.7080078125"><a><text><string>Dinerp</string></text></a></t></children></atr><lcaf id="135"><points><p colinear="true" x="703.8656782670455" y="465" c1x="626" c1y="387" c2x="626" c2y="387"/><p colinear="true" x="737.8291903409091" y="490" c1x="626" c1y="387" c2x="626" c2y="387"/></points><startConnector><rConnector id="136"><Owner><atrchave ref="129"/></Owner></rConnector></startConnector><endConnector><rConnector id="137"><Owner><ent ref="126"/></Owner></rConnector></endConnector></lcaf><lcaf id="138"><points><p colinear="true" x="808.5416666666666" y="472" c1x="626" c1y="387" c2x="626" c2y="387"/><p colinear="true" x="787.9166666666666" y="490" c1x="626" c1y="387" c2x="626" c2y="387"/></points><startConnector><rConnector id="139"><Owner><atr ref="12c"/></Owner></rConnector></startConnector><endConnector><rConnector id="13a"><Owner><ent ref="126"/></Owner></rConnector></endConnector></lcaf><lcaf id="13b"><points><p colinear="true" x="715.8837209302326" y="543" c1x="628" c1y="389.57894736842104" c2x="628" c2y="389.57894736842104"/><p colinear="true" x="735.232558139535" y="530" c1x="628" c1y="389.57894736842104" c2x="628" c2y="389.57894736842104"/></points><startConnector><rConnector id="13c"><Owner><atr ref="12f"/></Owner></rConnector></startConnector><endConnector><rConnector id="13d"><Owner><ent ref="126"/></Owner></rConnector></endConnector></lcaf><lcaf id="13e"><points><p colinear="true" x="809.3333333333334" y="548" c1x="626" c1y="387" c2x="626" c2y="387"/><p colinear="true" x="788.3333333333334" y="530" c1x="626" c1y="387" c2x="626" c2y="387"/></points><startConnector><rConnector id="13f"><Owner><atr ref="132"/></Owner></rConnector></startConnector><endConnector><rConnector id="140"><Owner><ent ref="126"/></Owner></rConnector></endConnector></lcaf><lcaf id="141"><points><p colinear="true" x="886" y="520.5217391304348" c1x="0" c1y="0" c2x="0" c2y="0"/><p colinear="true" x="805" y="513.4782608695652" c1x="0" c1y="0" c2x="0" c2y="0"/></points><startConnector><rConnector id="142"><Owner><rel ref="120"/></Owner></rConnector></startConnector><endConnector><rConnector id="143"><Owner><ent ref="126"/></Owner></rConnector></endConnector></lcaf></figures></drawing>