<drawing><figures><ent id="0"><children><r id="1" x="101" y="93" w="80" h="40"><a><fillColor><color rgba="#ffebffe8"/></fillColor></a></r><t id="2" x="120.2080078125" y="105.7080078125"><a><text><string>Cliente</string></text></a></t></children></ent><atrchave id="3" nullable="false" attributeType="NUMBER"><children><e id="4" x="19" y="48" w="100.560546875" h="20"><a><fillColor><color rgba="#ffffebeb"/></fillColor></a></e><t id="5" x="61.0244140625" y="50.7080078125"><a><fontUnderlined><boolean>true</boolean></fontUnderlined><fontBold><boolean>true</boolean></fontBold><text><string>ID</string></text></a></t></children></atrchave><atr id="6" nullable="false" attributeType="VARCHAR2(128)"><children><e id="7" x="159" y="43" w="80" h="20"><a><fillColor><color rgba="#ffffebeb"/></fillColor></a></e><t id="8" x="175.1611328125" y="45.7080078125"><a><text><string>Nombre</string></text></a></t></children></atr><atr id="9" nullable="false" attributeType="VARCHAR2(128)"><children><e id="a" x="31" y="153" w="80" h="20"><a><fillColor><color rgba="#ffffebeb"/></fillColor></a></e><t id="b" x="51.1572265625" y="155.7080078125"><a><text><string>Dinero</string></text></a></t></children></atr><atr id="c" nullable="false" attributeType="VARCHAR2(128)"><children><e id="d" x="167" y="159" w="80" h="20"><a><fillColor><color rgba="#ffffebeb"/></fillColor></a></e><t id="e" x="181.318359375" y="161.7080078125"><a><text><string>Telefono</string></text></a></t></children></atr><lcaf id="f"><points><p colinear="true" x="82.3202237215909" y="68" c1x="7" c1y="-3" c2x="7" c2y="-3"/><p colinear="true" x="114.9200994318182" y="93" c1x="7" c1y="-3" c2x="7" c2y="-3"/></points><startConnector><rConnector id="10"><Owner><atrchave ref="3"/></Owner></rConnector></startConnector><endConnector><rConnector id="11"><Owner><ent ref="0"/></Owner></rConnector></endConnector></lcaf><lcaf id="12"><points><p colinear="true" x="189.33333333333334" y="63" c1x="7" c1y="-3" c2x="7" c2y="-3"/><p colinear="true" x="160.33333333333331" y="93" c1x="7" c1y="-3" c2x="7" c2y="-3"/></points><startConnector><rConnector id="13"><Owner><atr ref="6"/></Owner></rConnector></startConnector><endConnector><rConnector id="14"><Owner><ent ref="0"/></Owner></rConnector></endConnector></lcaf><lcaf id="15"><points><p colinear="true" x="85" y="153" c1x="9" c1y="-0.42105263157895934" c2x="9" c2y="-0.42105263157895934"/><p colinear="true" x="112.99999999999999" y="133" c1x="9" c1y="-0.42105263157895934" c2x="9" c2y="-0.42105263157895934"/></points><startConnector><rConnector id="16"><Owner><atr ref="9"/></Owner></rConnector></startConnector><endConnector><rConnector id="17"><Owner><ent ref="0"/></Owner></rConnector></endConnector></lcaf><lcaf id="18"><points><p colinear="true" x="195.21428571428572" y="159" c1x="7" c1y="-3" c2x="7" c2y="-3"/><p colinear="true" x="164.57142857142858" y="133" c1x="7" c1y="-3" c2x="7" c2y="-3"/></points><startConnector><rConnector id="19"><Owner><atr ref="c"/></Owner></rConnector></startConnector><endConnector><rConnector id="1a"><Owner><ent ref="0"/></Owner></rConnector></endConnector></lcaf><atrchave id="1b" nullable="false" attributeType="NUMBER"><children><e id="1c" x="293" y="40" w="100.560546875" h="20"><a><fillColor><color rgba="#ffffebeb"/></fillColor></a></e><t id="1d" x="335.0244140625" y="42.7080078125"><a><fontUnderlined><boolean>true</boolean></fontUnderlined><fontBold><boolean>true</boolean></fontBold><text><string>ID</string></text></a></t></children></atrchave><atr id="1e" nullable="false" attributeType="VARCHAR2(128)"><children><e id="1f" x="444" y="45" w="80" h="20"><a><fillColor><color rgba="#ffffebeb"/></fillColor></a></e><t id="20" x="460.1611328125" y="47.7080078125"><a><text><string>Nombre</string></text></a></t></children></atr><atr id="21" nullable="false" attributeType="VARCHAR2(128)"><children><e id="22" x="441" y="174" w="80" h="20"><a><fillColor><color rgba="#ffffebeb"/></fillColor></a></e><t id="23" x="460.5009765625" y="176.7080078125"><a><text><string>Sueldo</string></text></a></t></children></atr><ent id="24"><children><r id="25" x="627" y="113" w="80" h="40"><a><fillColor><color rgba="#ffebffe8"/></fillColor></a></r><t id="26" x="642.478515625" y="125.7080078125"><a><text><string>Mascota</string></text></a></t></children></ent><atrchave id="27" nullable="false" attributeType="NUMBER"><children><e id="28" x="546" y="56" w="100.560546875" h="20"><a><fillColor><color rgba="#ffffebeb"/></fillColor></a></e><t id="29" x="588.0244140625" y="58.7080078125"><a><fontUnderlined><boolean>true</boolean></fontUnderlined><fontBold><boolean>true</boolean></fontBold><text><string>ID</string></text></a></t></children></atrchave><atr id="2a" nullable="false" attributeType="VARCHAR2(128)"><children><e id="2b" x="701" y="58" w="80" h="20"><a><fillColor><color rgba="#ffffebeb"/></fillColor></a></e><t id="2c" x="717.1611328125" y="60.7080078125"><a><text><string>Nombre</string></text></a></t></children></atr><atr id="2d" nullable="false" attributeType="VARCHAR2(128)"><children><e id="2e" x="556" y="183" w="80" h="20"><a><fillColor><color rgba="#ffffebeb"/></fillColor></a></e><t id="2f" x="573.4208984375" y="185.7080078125"><a><text><string>Especie</string></text></a></t></children></atr><atr id="30" nullable="false" attributeType="VARCHAR2(128)"><children><e id="31" x="696" y="183" w="80" h="20"><a><fillColor><color rgba="#ffffebeb"/></fillColor></a></e><t id="32" x="721.46875" y="185.7080078125"><a><text><string>Raza</string></text></a></t></children></atr><lcaf id="33"><points><p colinear="true" x="606.8354565065299" y="76" c1x="528" c1y="-4" c2x="528" c2y="-4"/><p colinear="true" x="645.8896338619403" y="113" c1x="528" c1y="-4" c2x="528" c2y="-4"/></points><startConnector><rConnector id="34"><Owner><atrchave ref="27"/></Owner></rConnector></startConnector><endConnector><rConnector id="35"><Owner><ent ref="24"/></Owner></rConnector></endConnector></lcaf><lcaf id="36"><points><p colinear="true" x="729.6153846153846" y="78" c1x="528" c1y="-4" c2x="528" c2y="-4"/><p colinear="true" x="689.7692307692307" y="113" c1x="528" c1y="-4" c2x="528" c2y="-4"/></points><startConnector><rConnector id="37"><Owner><atr ref="2a"/></Owner></rConnector></startConnector><endConnector><rConnector id="38"><Owner><ent ref="24"/></Owner></rConnector></endConnector></lcaf><lcaf id="39"><points><p colinear="true" x="724.5" y="183" c1x="528" c1y="-4" c2x="528" c2y="-4"/><p colinear="true" x="690" y="153" c1x="528" c1y="-4" c2x="528" c2y="-4"/></points><startConnector><rConnector id="3a"><Owner><atr ref="30"/></Owner></rConnector></startConnector><endConnector><rConnector id="3b"><Owner><ent ref="24"/></Owner></rConnector></endConnector></lcaf><ent id="3c"><children><r id="3d" x="894" y="99" w="80" h="40"><a><fillColor><color rgba="#ffebffe8"/></fillColor></a></r><t id="3e" x="900.9677734375" y="111.7080078125"><a><text><string>Veterinaria</string></text></a></t></children></ent><atrchave id="3f" nullable="false" attributeType="NUMBER"><children><e id="40" x="822" y="57" w="100.560546875" h="20"><a><fillColor><color rgba="#ffffebeb"/></fillColor></a></e><t id="41" x="864.0244140625" y="59.7080078125"><a><fontUnderlined><boolean>true</boolean></fontUnderlined><fontBold><boolean>true</boolean></fontBold><text><string>ID</string></text></a></t></children></atrchave><atr id="42" nullable="false" attributeType="VARCHAR2(128)"><children><e id="43" x="964" y="55" w="80" h="20"><a><fillColor><color rgba="#ffffebeb"/></fillColor></a></e><t id="44" x="981.8369140625" y="57.7080078125"><a><text><string>Horario</string></text></a></t></children></atr><atr id="45" nullable="false" attributeType="VARCHAR2(128)"><children><e id="46" x="832" y="170" w="80" h="20"><a><fillColor><color rgba="#ffffebeb"/></fillColor></a></e><t id="47" x="847.9033203125" y="172.7080078125"><a><text><string>Gerente</string></text></a></t></children></atr><lcaf id="48"><points><p colinear="true" x="884.1494516225962" y="77" c1x="804" c1y="-3" c2x="804" c2y="-3"/><p colinear="true" x="910.2616436298077" y="99" c1x="804" c1y="-3" c2x="804" c2y="-3"/></points><startConnector><rConnector id="49"><Owner><atrchave ref="3f"/></Owner></rConnector></startConnector><endConnector><rConnector id="4a"><Owner><ent ref="3c"/></Owner></rConnector></endConnector></lcaf><lcaf id="4b"><points><p colinear="true" x="991.0370370370371" y="75" c1x="804" c1y="-3" c2x="804" c2y="-3"/><p colinear="true" x="959.9259259259259" y="99" c1x="804" c1y="-3" c2x="804" c2y="-3"/></points><startConnector><rConnector id="4c"><Owner><atr ref="42"/></Owner></rConnector></startConnector><endConnector><rConnector id="4d"><Owner><ent ref="3c"/></Owner></rConnector></endConnector></lcaf><atr id="4e" nullable="false" attributeType="VARCHAR2(128)"><children><e id="4f" x="971" y="172" w="104.720703125" h="20"><a><fillColor><color rgba="#ffffebeb"/></fillColor></a></e><t id="50" x="995.619140625" y="174.7080078125"><a><text><string>Direccion</string></text></a></t></children></atr><lcaf id="51"><points><p colinear="true" x="962.3683655753969" y="139" c1x="0" c1y="0" c2x="0" c2y="0"/><p colinear="true" x="1009.1761687748016" y="172" c1x="0" c1y="0" c2x="0" c2y="0"/></points><startConnector><rConnector id="52"><Owner><ent ref="3c"/></Owner></rConnector></startConnector><endConnector><rConnector id="53"><Owner><atr ref="4e"/></Owner></rConnector></endConnector></lcaf><ent id="54"><children><r id="55" x="105" y="286" w="80" h="40"><a><fillColor><color rgba="#ffebffe8"/></fillColor></a></r><t id="56" x="122.9716796875" y="298.7080078125"><a><text><string>Vacuna</string></text></a></t></children></ent><atrchave id="57" nullable="false" attributeType="NUMBER"><children><e id="58" x="32" y="235" w="100.560546875" h="20"><a><fillColor><color rgba="#ffffebeb"/></fillColor></a></e><t id="59" x="74.0244140625" y="237.7080078125"><a><fontUnderlined><boolean>true</boolean></fontUnderlined><fontBold><boolean>true</boolean></fontBold><text><string>ID</string></text></a></t></children></atrchave><atr id="5a" nullable="false" attributeType="VARCHAR2(128)"><children><e id="5b" x="172" y="242" w="80" h="20"><a><fillColor><color rgba="#ffffebeb"/></fillColor></a></e><t id="5c" x="194.451171875" y="244.7080078125"><a><text><string>Fecha</string></text></a></t></children></atr><atr id="5d" nullable="false" attributeType="VARCHAR2(128)"><children><e id="5e" x="37" y="357" w="80" h="20"><a><fillColor><color rgba="#ffffebeb"/></fillColor></a></e><t id="5f" x="40.6748046875" y="359.7080078125"><a><text><string>Enfermedad</string></text></a></t></children></atr><atr id="60" nullable="false" attributeType="VARCHAR2(128)"><children><e id="61" x="176" y="355" w="80" h="20"><a><fillColor><color rgba="#ffffebeb"/></fillColor></a></e><t id="62" x="199.8369140625" y="357.7080078125"><a><text><string>Dosis</string></text></a></t></children></atr><lcaf id="63"><points><p colinear="true" x="199.59259259259258" y="262" c1x="18" c1y="177" c2x="18" c2y="177"/><p colinear="true" x="169.8148148148148" y="286" c1x="18" c1y="177" c2x="18" c2y="177"/></points><startConnector><rConnector id="64"><Owner><atr ref="5a"/></Owner></rConnector></startConnector><endConnector><rConnector id="65"><Owner><ent ref="54"/></Owner></rConnector></endConnector></lcaf><lcaf id="66"><points><p colinear="true" x="88.14754098360656" y="357" c1x="20" c1y="179.57894736842104" c2x="20" c2y="179.57894736842104"/><p colinear="true" x="122.70491803278688" y="326" c1x="20" c1y="179.57894736842104" c2x="20" c2y="179.57894736842104"/></points><startConnector><rConnector id="67"><Owner><atr ref="5d"/></Owner></rConnector></startConnector><endConnector><rConnector id="68"><Owner><ent ref="54"/></Owner></rConnector></endConnector></lcaf><lcaf id="69"><points><p colinear="true" x="203.96610169491527" y="355" c1x="18" c1y="177" c2x="18" c2y="177"/><p colinear="true" x="169.06779661016947" y="326" c1x="18" c1y="177" c2x="18" c2y="177"/></points><startConnector><rConnector id="6a"><Owner><atr ref="60"/></Owner></rConnector></startConnector><endConnector><rConnector id="6b"><Owner><ent ref="54"/></Owner></rConnector></endConnector></lcaf><ent id="6c"><children><r id="6d" x="371" y="105" w="80" h="40"><a><fillColor><color rgba="#ffebffe8"/></fillColor></a></r><t id="6e" x="377.9296875" y="117.7080078125"><a><text><string>Veterinario</string></text></a></t></children></ent><atr id="6f" nullable="false" attributeType="VARCHAR2(128)"><children><e id="70" x="308" y="171" w="80" h="20"><a><fillColor><color rgba="#ffffebeb"/></fillColor></a></e><t id="71" x="311.0185546875" y="173.7080078125"><a><text><string>Especialidad</string></text></a></t></children></atr><lcaf id="72"><points><p colinear="true" x="352.3095703125" y="60" c1x="0" c1y="0" c2x="0" c2y="0"/><p colinear="true" x="392.94140625" y="105" c1x="0" c1y="0" c2x="0" c2y="0"/></points><startConnector><rConnector id="73"><Owner><atrchave ref="1b"/></Owner></rConnector></startConnector><endConnector><rConnector id="74"><Owner><ent ref="6c"/></Owner></rConnector></endConnector></lcaf><lcaf id="75"><points><p colinear="true" x="92.56219582479508" y="255" c1x="0" c1y="0" c2x="0" c2y="0"/><p colinear="true" x="124.43615522540982" y="286" c1x="0" c1y="0" c2x="0" c2y="0"/></points><startConnector><rConnector id="76"><Owner><atrchave ref="57"/></Owner></rConnector></startConnector><endConnector><rConnector id="77"><Owner><ent ref="54"/></Owner></rConnector></endConnector></lcaf><lcaf id="78"><points><p colinear="true" x="359.25" y="171" c1x="0" c1y="0" c2x="0" c2y="0"/><p colinear="true" x="388.5" y="145" c1x="0" c1y="0" c2x="0" c2y="0"/></points><startConnector><rConnector id="79"><Owner><atr ref="6f"/></Owner></rConnector></startConnector><endConnector><rConnector id="7a"><Owner><ent ref="6c"/></Owner></rConnector></endConnector></lcaf><lcaf id="7b"><points><p colinear="true" x="473.57142857142856" y="65" c1x="0" c1y="0" c2x="0" c2y="0"/><p colinear="true" x="431.8571428571429" y="105" c1x="0" c1y="0" c2x="0" c2y="0"/></points><startConnector><rConnector id="7c"><Owner><atr ref="1e"/></Owner></rConnector></startConnector><endConnector><rConnector id="7d"><Owner><ent ref="6c"/></Owner></rConnector></endConnector></lcaf><lcaf id="7e"><points><p colinear="true" x="469.135593220339" y="174" c1x="0" c1y="0" c2x="0" c2y="0"/><p colinear="true" x="434.728813559322" y="145" c1x="0" c1y="0" c2x="0" c2y="0"/></points><startConnector><rConnector id="7f"><Owner><atr ref="21"/></Owner></rConnector></startConnector><endConnector><rConnector id="80"><Owner><ent ref="6c"/></Owner></rConnector></endConnector></lcaf><lcaf id="81"><points><p colinear="true" x="607.8333333333334" y="183" c1x="0" c1y="0" c2x="0" c2y="0"/><p colinear="true" x="643.3333333333334" y="153" c1x="0" c1y="0" c2x="0" c2y="0"/></points><startConnector><rConnector id="82"><Owner><atr ref="2d"/></Owner></rConnector></startConnector><endConnector><rConnector id="83"><Owner><ent ref="24"/></Owner></rConnector></endConnector></lcaf><lcaf id="84"><points><p colinear="true" x="882.1639344262295" y="170" c1x="0" c1y="0" c2x="0" c2y="0"/><p colinear="true" x="913.672131147541" y="139" c1x="0" c1y="0" c2x="0" c2y="0"/></points><startConnector><rConnector id="85"><Owner><atr ref="45"/></Owner></rConnector></startConnector><endConnector><rConnector id="86"><Owner><ent ref="3c"/></Owner></rConnector></endConnector></lcaf><atrchave id="87" nullable="false" attributeType="NUMBER"><children><e id="88" x="463" y="315" w="100.560546875" h="20"><a><fillColor><color rgba="#ffffebeb"/></fillColor></a></e><t id="89" x="505.0244140625" y="317.7080078125"><a><fontUnderlined><boolean>true</boolean></fontUnderlined><fontBold><boolean>true</boolean></fontBold><text><string>ID</string></text></a></t></children></atrchave><atr id="8a" nullable="false" attributeType="VARCHAR2(128)"><children><e id="8b" x="614" y="320" w="80" h="20"><a><fillColor><color rgba="#ffffebeb"/></fillColor></a></e><t id="8c" x="630.1611328125" y="322.7080078125"><a><text><string>Nombre</string></text></a></t></children></atr><atr id="8d" nullable="false" attributeType="VARCHAR2(128)"><children><e id="8e" x="611" y="449" w="80" h="20"><a><fillColor><color rgba="#ffffebeb"/></fillColor></a></e><t id="8f" x="630.5009765625" y="451.7080078125"><a><text><string>Sueldo</string></text></a></t></children></atr><ent id="90"><children><r id="91" x="534" y="379" w="80" h="40"><a><fillColor><color rgba="#ffebffe8"/></fillColor></a></r><t id="92" x="540.9296875" y="391.7080078125"><a><text><string>Veterinario</string></text></a></t></children></ent><atr id="93" nullable="false" attributeType="VARCHAR2(128)"><children><e id="94" x="457" y="444" w="80" h="20"><a><fillColor><color rgba="#ffffebeb"/></fillColor></a></e><t id="95" x="460.0185546875" y="446.7080078125"><a><text><string>Especialidad</string></text></a></t></children></atr><lcaf id="96"><points><p colinear="true" x="521.4856418918919" y="335" c1x="170" c1y="275" c2x="170" c2y="275"/><p colinear="true" x="557.5892630912163" y="379" c1x="170" c1y="275" c2x="170" c2y="275"/></points><startConnector><rConnector id="97"><Owner><atrchave ref="87"/></Owner></rConnector></startConnector><endConnector><rConnector id="98"><Owner><ent ref="90"/></Owner></rConnector></endConnector></lcaf><lcaf id="99"><points><p colinear="true" x="511" y="444" c1x="170" c1y="275" c2x="170" c2y="275"/><p colinear="true" x="546" y="419" c1x="170" c1y="275" c2x="170" c2y="275"/></points><startConnector><rConnector id="9a"><Owner><atr ref="93"/></Owner></rConnector></startConnector><endConnector><rConnector id="9b"><Owner><ent ref="90"/></Owner></rConnector></endConnector></lcaf><lcaf id="9c"><points><p colinear="true" x="642.4057971014493" y="340" c1x="170" c1y="275" c2x="170" c2y="275"/><p colinear="true" x="597.1884057971015" y="379" c1x="170" c1y="275" c2x="170" c2y="275"/></points><startConnector><rConnector id="9d"><Owner><atr ref="8a"/></Owner></rConnector></startConnector><endConnector><rConnector id="9e"><Owner><ent ref="90"/></Owner></rConnector></endConnector></lcaf><lcaf id="9f"><points><p colinear="true" x="638.1666666666666" y="449" c1x="170" c1y="275" c2x="170" c2y="275"/><p colinear="true" x="599.6666666666666" y="419" c1x="170" c1y="275" c2x="170" c2y="275"/></points><startConnector><rConnector id="a0"><Owner><atr ref="8d"/></Owner></rConnector></startConnector><endConnector><rConnector id="a1"><Owner><ent ref="90"/></Owner></rConnector></endConnector></lcaf><ent id="a2"><children><r id="a3" x="1001" y="370" w="80" h="40"><a><fillColor><color rgba="#ffebffe8"/></fillColor></a></r><t id="a4" x="1016.478515625" y="382.7080078125"><a><text><string>Mascota</string></text></a></t></children></ent><atrchave id="a5" nullable="false" attributeType="NUMBER"><children><e id="a6" x="920" y="313" w="100.560546875" h="20"><a><fillColor><color rgba="#ffffebeb"/></fillColor></a></e><t id="a7" x="962.0244140625" y="315.7080078125"><a><fontUnderlined><boolean>true</boolean></fontUnderlined><fontBold><boolean>true</boolean></fontBold><text><string>ID</string></text></a></t></children></atrchave><atr id="a8" nullable="false" attributeType="VARCHAR2(128)"><children><e id="a9" x="1075" y="315" w="80" h="20"><a><fillColor><color rgba="#ffffebeb"/></fillColor></a></e><t id="aa" x="1091.1611328125" y="317.7080078125"><a><text><string>Nombre</string></text></a></t></children></atr><atr id="ab" nullable="false" attributeType="VARCHAR2(128)"><children><e id="ac" x="930" y="440" w="80" h="20"><a><fillColor><color rgba="#ffffebeb"/></fillColor></a></e><t id="ad" x="947.4208984375" y="442.7080078125"><a><text><string>Especie</string></text></a></t></children></atr><atr id="ae" nullable="false" attributeType="VARCHAR2(128)"><children><e id="af" x="1070" y="440" w="80" h="20"><a><fillColor><color rgba="#ffffebeb"/></fillColor></a></e><t id="b0" x="1095.46875" y="442.7080078125"><a><text><string>Raza</string></text></a></t></children></atr><lcaf id="b1"><points><p colinear="true" x="980.8354565065299" y="333" c1x="902" c1y="253" c2x="902" c2y="253"/><p colinear="true" x="1019.8896338619403" y="370" c1x="902" c1y="253" c2x="902" c2y="253"/></points><startConnector><rConnector id="b2"><Owner><atrchave ref="a5"/></Owner></rConnector></startConnector><endConnector><rConnector id="b3"><Owner><ent ref="a2"/></Owner></rConnector></endConnector></lcaf><lcaf id="b4"><points><p colinear="true" x="1103.6153846153845" y="335" c1x="902" c1y="253" c2x="902" c2y="253"/><p colinear="true" x="1063.7692307692307" y="370" c1x="902" c1y="253" c2x="902" c2y="253"/></points><startConnector><rConnector id="b5"><Owner><atr ref="a8"/></Owner></rConnector></startConnector><endConnector><rConnector id="b6"><Owner><ent ref="a2"/></Owner></rConnector></endConnector></lcaf><lcaf id="b7"><points><p colinear="true" x="1098.5" y="440" c1x="902" c1y="253" c2x="902" c2y="253"/><p colinear="true" x="1064" y="410" c1x="902" c1y="253" c2x="902" c2y="253"/></points><startConnector><rConnector id="b8"><Owner><atr ref="ae"/></Owner></rConnector></startConnector><endConnector><rConnector id="b9"><Owner><ent ref="a2"/></Owner></rConnector></endConnector></lcaf><lcaf id="ba"><points><p colinear="true" x="981.8333333333334" y="440" c1x="374" c1y="257" c2x="374" c2y="257"/><p colinear="true" x="1017.3333333333334" y="410" c1x="374" c1y="257" c2x="374" c2y="257"/></points><startConnector><rConnector id="bb"><Owner><atr ref="ab"/></Owner></rConnector></startConnector><endConnector><rConnector id="bc"><Owner><ent ref="a2"/></Owner></rConnector></endConnector></lcaf><rel id="bd"><children><diamond id="be" x="786" y="383" w="64" h="32"><a><fillColor><color rgba="#ffddddff"/></fillColor></a></diamond><t id="bf" x="798.3271484375" y="391.7080078125"><a><text><string>Revisa</string></text></a></t></children></rel><lcaf id="c0"><points><p colinear="true" x="786" y="399" c1x="65" c1y="13" c2x="65" c2y="13"/><p colinear="true" x="614" y="399" c1x="65" c1y="13" c2x="65" c2y="13"/></points><startConnector><rConnector id="c1"><Owner><rel ref="bd"/></Owner></rConnector></startConnector><endConnector><rConnector id="c2"><Owner><ent ref="90"/></Owner></rConnector></endConnector></lcaf><lcaf id="c3"><points><p colinear="true" x="850" y="397.7085201793722" c1x="65" c1y="13" c2x="65" c2y="13"/><p colinear="true" x="1001" y="391.6143497757848" c1x="65" c1y="13" c2x="65" c2y="13"/></points><startConnector><rConnector id="c4"><Owner><rel ref="bd"/></Owner></rConnector></startConnector><endConnector><rConnector id="c5"><Owner><ent ref="a2"/></Owner></rConnector></endConnector></lcaf><ent id="c6"><children><r id="c7" x="130" y="573" w="80" h="40"><a><fillColor><color rgba="#ffebffe8"/></fillColor></a></r><t id="c8" x="145.478515625" y="585.7080078125"><a><text><string>Mascota</string></text></a></t></children></ent><atrchave id="c9" nullable="false" attributeType="NUMBER"><children><e id="ca" x="49" y="516" w="100.560546875" h="20"><a><fillColor><color rgba="#ffffebeb"/></fillColor></a></e><t id="cb" x="91.0244140625" y="518.7080078125"><a><fontUnderlined><boolean>true</boolean></fontUnderlined><fontBold><boolean>true</boolean></fontBold><text><string>ID</string></text></a></t></children></atrchave><atr id="cc" nullable="false" attributeType="VARCHAR2(128)"><children><e id="cd" x="204" y="518" w="80" h="20"><a><fillColor><color rgba="#ffffebeb"/></fillColor></a></e><t id="ce" x="220.1611328125" y="520.7080078125"><a><text><string>Nombre</string></text></a></t></children></atr><atr id="cf" nullable="false" attributeType="VARCHAR2(128)"><children><e id="d0" x="59" y="643" w="80" h="20"><a><fillColor><color rgba="#ffffebeb"/></fillColor></a></e><t id="d1" x="76.4208984375" y="645.7080078125"><a><text><string>Especie</string></text></a></t></children></atr><atr id="d2" nullable="false" attributeType="VARCHAR2(128)"><children><e id="d3" x="199" y="643" w="80" h="20"><a><fillColor><color rgba="#ffffebeb"/></fillColor></a></e><t id="d4" x="224.46875" y="645.7080078125"><a><text><string>Raza</string></text></a></t></children></atr><lcaf id="d5"><points><p colinear="true" x="109.83545650652985" y="536" c1x="31" c1y="456" c2x="31" c2y="456"/><p colinear="true" x="148.8896338619403" y="573" c1x="31" c1y="456" c2x="31" c2y="456"/></points><startConnector><rConnector id="d6"><Owner><atrchave ref="c9"/></Owner></rConnector></startConnector><endConnector><rConnector id="d7"><Owner><ent ref="c6"/></Owner></rConnector></endConnector></lcaf><lcaf id="d8"><points><p colinear="true" x="232.6153846153846" y="538" c1x="31" c1y="456" c2x="31" c2y="456"/><p colinear="true" x="192.76923076923077" y="573" c1x="31" c1y="456" c2x="31" c2y="456"/></points><startConnector><rConnector id="d9"><Owner><atr ref="cc"/></Owner></rConnector></startConnector><endConnector><rConnector id="da"><Owner><ent ref="c6"/></Owner></rConnector></endConnector></lcaf><lcaf id="db"><points><p colinear="true" x="227.5" y="643" c1x="31" c1y="456" c2x="31" c2y="456"/><p colinear="true" x="193" y="613" c1x="31" c1y="456" c2x="31" c2y="456"/></points><startConnector><rConnector id="dc"><Owner><atr ref="d2"/></Owner></rConnector></startConnector><endConnector><rConnector id="dd"><Owner><ent ref="c6"/></Owner></rConnector></endConnector></lcaf><lcaf id="de"><points><p colinear="true" x="110.83333333333334" y="643" c1x="-497" c1y="460" c2x="-497" c2y="460"/><p colinear="true" x="146.33333333333334" y="613" c1x="-497" c1y="460" c2x="-497" c2y="460"/></points><startConnector><rConnector id="df"><Owner><atr ref="cf"/></Owner></rConnector></startConnector><endConnector><rConnector id="e0"><Owner><ent ref="c6"/></Owner></rConnector></endConnector></lcaf><ent id="e1"><children><r id="e2" x="496" y="568" w="80" h="40"><a><fillColor><color rgba="#ffebffe8"/></fillColor></a></r><t id="e3" x="513.9716796875" y="580.7080078125"><a><text><string>Vacuna</string></text></a></t></children></ent><atrchave id="e4" nullable="false" attributeType="NUMBER"><children><e id="e5" x="423" y="517" w="100.560546875" h="20"><a><fillColor><color rgba="#ffffebeb"/></fillColor></a></e><t id="e6" x="465.0244140625" y="519.7080078125"><a><fontUnderlined><boolean>true</boolean></fontUnderlined><fontBold><boolean>true</boolean></fontBold><text><string>ID</string></text></a></t></children></atrchave><atr id="e7" nullable="false" attributeType="VARCHAR2(128)"><children><e id="e8" x="563" y="524" w="80" h="20"><a><fillColor><color rgba="#ffffebeb"/></fillColor></a></e><t id="e9" x="585.451171875" y="526.7080078125"><a><text><string>Fecha</string></text></a></t></children></atr><atr id="ea" nullable="false" attributeType="VARCHAR2(128)"><children><e id="eb" x="428" y="639" w="80" h="20"><a><fillColor><color rgba="#ffffebeb"/></fillColor></a></e><t id="ec" x="431.6748046875" y="641.7080078125"><a><text><string>Enfermedad</string></text></a></t></children></atr><atr id="ed" nullable="false" attributeType="VARCHAR2(128)"><children><e id="ee" x="567" y="637" w="80" h="20"><a><fillColor><color rgba="#ffffebeb"/></fillColor></a></e><t id="ef" x="590.8369140625" y="639.7080078125"><a><text><string>Dosis</string></text></a></t></children></atr><lcaf id="f0"><points><p colinear="true" x="590.5925925925926" y="544" c1x="409" c1y="459" c2x="409" c2y="459"/><p colinear="true" x="560.8148148148148" y="568" c1x="409" c1y="459" c2x="409" c2y="459"/></points><startConnector><rConnector id="f1"><Owner><atr ref="e7"/></Owner></rConnector></startConnector><endConnector><rConnector id="f2"><Owner><ent ref="e1"/></Owner></rConnector></endConnector></lcaf><lcaf id="f3"><points><p colinear="true" x="479.1475409836066" y="639" c1x="411" c1y="461.57894736842104" c2x="411" c2y="461.57894736842104"/><p colinear="true" x="513.7049180327868" y="608" c1x="411" c1y="461.57894736842104" c2x="411" c2y="461.57894736842104"/></points><startConnector><rConnector id="f4"><Owner><atr ref="ea"/></Owner></rConnector></startConnector><endConnector><rConnector id="f5"><Owner><ent ref="e1"/></Owner></rConnector></endConnector></lcaf><lcaf id="f6"><points><p colinear="true" x="594.9661016949152" y="637" c1x="409" c1y="459" c2x="409" c2y="459"/><p colinear="true" x="560.0677966101695" y="608" c1x="409" c1y="459" c2x="409" c2y="459"/></points><startConnector><rConnector id="f7"><Owner><atr ref="ed"/></Owner></rConnector></startConnector><endConnector><rConnector id="f8"><Owner><ent ref="e1"/></Owner></rConnector></endConnector></lcaf><lcaf id="f9"><points><p colinear="true" x="483.5621958247951" y="537" c1x="391" c1y="282" c2x="391" c2y="282"/><p colinear="true" x="515.4361552254098" y="568" c1x="391" c1y="282" c2x="391" c2y="282"/></points><startConnector><rConnector id="fa"><Owner><atrchave ref="e4"/></Owner></rConnector></startConnector><endConnector><rConnector id="fb"><Owner><ent ref="e1"/></Owner></rConnector></endConnector></lcaf><rel id="fc"><children><diamond id="fd" x="309" y="584" w="64" h="32"><a><fillColor><color rgba="#ffddddff"/></fillColor></a></diamond><t id="fe" x="321.1689453125" y="592.7080078125"><a><text><string>Recibe</string></text></a></t></children></rel><lcaf id="ff"><points><p colinear="true" x="309" y="598.6900584795321" c1x="0" c1y="0" c2x="0" c2y="0"/><p colinear="true" x="210" y="594.6374269005848" c1x="0" c1y="0" c2x="0" c2y="0"/></points><startConnector><rConnector id="100"><Owner><rel ref="fc"/></Owner></rConnector></startConnector><endConnector><rConnector id="101"><Owner><ent ref="c6"/></Owner></rConnector></endConnector></lcaf><lcaf id="102"><points><p colinear="true" x="373" y="598.0307692307692" c1x="0" c1y="0" c2x="0" c2y="0"/><p colinear="true" x="496" y="590.4615384615385" c1x="0" c1y="0" c2x="0" c2y="0"/></points><startConnector><rConnector id="103"><Owner><rel ref="fc"/></Owner></rConnector></startConnector><endConnector><rConnector id="104"><Owner><ent ref="e1"/></Owner></rConnector></endConnector></lcaf><ent id="105"><children><r id="106" x="784" y="571" w="80" h="40"><a><fillColor><color rgba="#ffebffe8"/></fillColor></a></r><t id="107" x="803.2080078125" y="583.7080078125"><a><text><string>Cliente</string></text></a></t></children></ent><atrchave id="108" nullable="false" attributeType="NUMBER"><children><e id="109" x="702" y="526" w="100.560546875" h="20"><a><fillColor><color rgba="#ffffebeb"/></fillColor></a></e><t id="10a" x="744.0244140625" y="528.7080078125"><a><fontUnderlined><boolean>true</boolean></fontUnderlined><fontBold><boolean>true</boolean></fontBold><text><string>ID</string></text></a></t></children></atrchave><atr id="10b" nullable="false" attributeType="VARCHAR2(128)"><children><e id="10c" x="842" y="521" w="80" h="20"><a><fillColor><color rgba="#ffffebeb"/></fillColor></a></e><t id="10d" x="858.1611328125" y="523.7080078125"><a><text><string>Nombre</string></text></a></t></children></atr><atr id="10e" nullable="false" attributeType="VARCHAR2(128)"><children><e id="10f" x="714" y="631" w="80" h="20"><a><fillColor><color rgba="#ffffebeb"/></fillColor></a></e><t id="110" x="734.1572265625" y="633.7080078125"><a><text><string>Dinero</string></text></a></t></children></atr><atr id="111" nullable="false" attributeType="VARCHAR2(128)"><children><e id="112" x="850" y="637" w="80" h="20"><a><fillColor><color rgba="#ffffebeb"/></fillColor></a></e><t id="113" x="864.318359375" y="639.7080078125"><a><text><string>Telefono</string></text></a></t></children></atr><lcaf id="114"><points><p colinear="true" x="765.3202237215909" y="546" c1x="690" c1y="475" c2x="690" c2y="475"/><p colinear="true" x="797.9200994318182" y="571" c1x="690" c1y="475" c2x="690" c2y="475"/></points><startConnector><rConnector id="115"><Owner><atrchave ref="108"/></Owner></rConnector></startConnector><endConnector><rConnector id="116"><Owner><ent ref="105"/></Owner></rConnector></endConnector></lcaf><lcaf id="117"><points><p colinear="true" x="872.3333333333334" y="541" c1x="690" c1y="475" c2x="690" c2y="475"/><p colinear="true" x="843.3333333333334" y="571" c1x="690" c1y="475" c2x="690" c2y="475"/></points><startConnector><rConnector id="118"><Owner><atr ref="10b"/></Owner></rConnector></startConnector><endConnector><rConnector id="119"><Owner><ent ref="105"/></Owner></rConnector></endConnector></lcaf><lcaf id="11a"><points><p colinear="true" x="768" y="631" c1x="692" c1y="477.57894736842104" c2x="692" c2y="477.57894736842104"/><p colinear="true" x="796" y="611" c1x="692" c1y="477.57894736842104" c2x="692" c2y="477.57894736842104"/></points><startConnector><rConnector id="11b"><Owner><atr ref="10e"/></Owner></rConnector></startConnector><endConnector><rConnector id="11c"><Owner><ent ref="105"/></Owner></rConnector></endConnector></lcaf><lcaf id="11d"><points><p colinear="true" x="878.2142857142857" y="637" c1x="690" c1y="475" c2x="690" c2y="475"/><p colinear="true" x="847.5714285714286" y="611" c1x="690" c1y="475" c2x="690" c2y="475"/></points><startConnector><rConnector id="11e"><Owner><atr ref="111"/></Owner></rConnector></startConnector><endConnector><rConnector id="11f"><Owner><ent ref="105"/></Owner></rConnector></endConnector></lcaf><ent id="120"><children><r id="121" x="1176" y="572" w="80" h="40"><a><fillColor><color rgba="#ffebffe8"/></fillColor></a></r><t id="122" x="1182.9677734375" y="584.7080078125"><a><text><string>Veterinaria</string></text></a></t></children></ent><atrchave id="123" nullable="false" attributeType="NUMBER"><children><e id="124" x="1100" y="527" w="100.560546875" h="20"><a><fillColor><color rgba="#ffffebeb"/></fillColor></a></e><t id="125" x="1142.0244140625" y="529.7080078125"><a><fontUnderlined><boolean>true</boolean></fontUnderlined><fontBold><boolean>true</boolean></fontBold><text><string>ID</string></text></a></t></children></atrchave><atr id="126" nullable="false" attributeType="VARCHAR2(128)"><children><e id="127" x="1242" y="525" w="80" h="20"><a><fillColor><color rgba="#ffffebeb"/></fillColor></a></e><t id="128" x="1259.8369140625" y="527.7080078125"><a><text><string>Horario</string></text></a></t></children></atr><atr id="129" nullable="false" attributeType="VARCHAR2(128)"><children><e id="12a" x="1110" y="640" w="80" h="20"><a><fillColor><color rgba="#ffffebeb"/></fillColor></a></e><t id="12b" x="1125.9033203125" y="642.7080078125"><a><text><string>Gerente</string></text></a></t></children></atr><lcaf id="12c"><points><p colinear="true" x="1162.2293146306818" y="547" c1x="1082" c1y="467" c2x="1082" c2y="467"/><p colinear="true" x="1192.1019176136363" y="572" c1x="1082" c1y="467" c2x="1082" c2y="467"/></points><startConnector><rConnector id="12d"><Owner><atrchave ref="123"/></Owner></rConnector></startConnector><endConnector><rConnector id="12e"><Owner><ent ref="120"/></Owner></rConnector></endConnector></lcaf><lcaf id="12f"><points><p colinear="true" x="1270.421052631579" y="545" c1x="1082" c1y="467" c2x="1082" c2y="467"/><p colinear="true" x="1239.157894736842" y="572" c1x="1082" c1y="467" c2x="1082" c2y="467"/></points><startConnector><rConnector id="130"><Owner><atr ref="126"/></Owner></rConnector></startConnector><endConnector><rConnector id="131"><Owner><ent ref="120"/></Owner></rConnector></endConnector></lcaf><atr id="132" nullable="false" attributeType="VARCHAR2(128)"><children><e id="133" x="1249" y="642" w="104.720703125" h="20"><a><fillColor><color rgba="#ffffebeb"/></fillColor></a></e><t id="134" x="1273.619140625" y="644.7080078125"><a><text><string>Direccion</string></text></a></t></children></atr><lcaf id="135"><points><p colinear="true" x="1244.4534505208333" y="612" c1x="278" c1y="470" c2x="278" c2y="470"/><p colinear="true" x="1287.1336263020833" y="642" c1x="278" c1y="470" c2x="278" c2y="470"/></points><startConnector><rConnector id="136"><Owner><ent ref="120"/></Owner></rConnector></startConnector><endConnector><rConnector id="137"><Owner><atr ref="132"/></Owner></rConnector></endConnector></lcaf><lcaf id="138"><points><p colinear="true" x="1161.3793103448277" y="640" c1x="278" c1y="470" c2x="278" c2y="470"/><p colinear="true" x="1193.2413793103449" y="612" c1x="278" c1y="470" c2x="278" c2y="470"/></points><startConnector><rConnector id="139"><Owner><atr ref="129"/></Owner></rConnector></startConnector><endConnector><rConnector id="13a"><Owner><ent ref="120"/></Owner></rConnector></endConnector></lcaf><rel id="13b"><children><diamond id="13c" x="985" y="590" w="64" h="32"><a><fillColor><color rgba="#ffddddff"/></fillColor></a></diamond><t id="13d" x="998.6630859375" y="598.7080078125"><a><text><string>Acude</string></text></a></t></children></rel><lcaf id="13e"><points><p colinear="true" x="985" y="603.5129533678756" c1x="0" c1y="0" c2x="0" c2y="0"/><p colinear="true" x="864" y="594.1088082901555" c1x="0" c1y="0" c2x="0" c2y="0"/></points><startConnector><rConnector id="13f"><Owner><rel ref="13b"/></Owner></rConnector></startConnector><endConnector><rConnector id="140"><Owner><ent ref="105"/></Owner></rConnector></endConnector></lcaf><lcaf id="141"><points><p colinear="true" x="1049" y="603.748743718593" c1x="0" c1y="0" c2x="0" c2y="0"/><p colinear="true" x="1176" y="594.8140703517588" c1x="0" c1y="0" c2x="0" c2y="0"/></points><startConnector><rConnector id="142"><Owner><rel ref="13b"/></Owner></rConnector></startConnector><endConnector><rConnector id="143"><Owner><ent ref="120"/></Owner></rConnector></endConnector></lcaf></figures></drawing>